accuracy_pct,speed_score,completed,hints_used,attempts,current_difficulty,rolling_score,target_difficulty
64.21,42.67,1.0,0,3,2,63.6,2
68.75,21.11,1.0,1,1,1,56.02,1
49.44,37.16,1.0,3,1,2,41.93,1
67.38,43.57,1.0,0,2,3,58.67,3
59.1,55.36,1.0,0,7,4,52.6,3
79.2,40.73,1.0,0,1,1,62.94,1
75.81,50.15,1.0,0,4,2,69.1,2
65.7,31.96,1.0,1,4,2,51.91,2
83.64,52.34,1.0,0,1,3,76.98,3
81.65,62.25,1.0,0,1,1,64.36,1
53.28,48.31,0.0,1,5,3,33.37,2
66.59,58.38,1.0,1,2,1,61.6,1
87.11,68.56,1.0,0,3,1,68.25,2
54.19,41.07,1.0,1,3,2,48.92,1
87.02,73.69,1.0,0,2,1,72.98,2
91.57,43.86,1.0,0,1,3,69.9,3
64.94,26.78,1.0,0,2,1,57.81,1
75.17,61.82,1.0,0,1,2,71.39,2
75.25,56.58,1.0,1,3,1,60.54,1
92.49,65.09,1.0,0,1,1,73.03,2
48.94,47.32,0.0,3,2,3,26.93,2
57.8,41.33,0.0,1,4,2,33.71,1
79.26,47.79,1.0,1,3,1,63.07,1
87.43,52.93,1.0,1,1,1,71.69,1
92.26,76.93,1.0,0,2,1,87.8,2
83.78,71.72,1.0,0,4,2,79.85,2
92.31,88.94,1.0,1,1,2,83.73,3
70.13,55.7,1.0,0,2,2,63.35,2
86.05,54.54,1.0,0,2,1,68.05,1
100.0,100.0,1.0,0,1,1,93.32,2
48.31,32.87,1.0,1,3,3,52.6,2
84.74,37.06,1.0,0,2,3,74.77,3
94.52,54.74,1.0,0,1,1,75.98,1
83.15,70.27,1.0,0,1,2,75.51,2
50.92,31.43,1.0,3,4,4,36.37,3
83.81,68.34,1.0,0,1,2,74.37,2
78.82,64.2,1.0,0,1,1,69.66,1
100.0,76.91,1.0,0,1,1,86.55,2
35.78,16.37,0.0,4,4,3,8.84,2
74.83,67.42,1.0,0,2,4,69.29,4
100.0,57.74,1.0,0,1,2,77.65,2
58.54,13.69,0.0,0,1,3,36.85,2
100.0,62.9,1.0,0,1,1,81.54,2
93.03,67.27,1.0,0,1,1,84.12,2
71.34,41.82,1.0,0,3,2,62.36,2
26.9,12.8,0.0,1,2,5,13.14,4
61.79,46.13,0.0,1,3,4,32.25,3
78.93,85.79,1.0,0,2,3,73.74,3
46.95,29.61,1.0,4,7,3,36.41,2
79.86,62.57,1.0,1,3,1,63.19,1
73.25,55.68,0.0,2,4,2,40.09,1
69.05,47.35,1.0,1,2,1,60.97,1
100.0,64.58,1.0,0,1,1,87.35,2
44.6,46.4,1.0,1,1,4,51.18,3
65.78,41.79,1.0,1,3,2,55.5,2
65.19,38.43,0.0,1,2,4,28.29,3
79.88,58.67,1.0,0,2,1,66.38,1
68.74,32.03,1.0,1,2,1,54.17,1
60.32,37.42,1.0,1,1,3,51.61,3
61.28,38.19,1.0,1,1,1,58.59,1
84.41,98.56,1.0,0,1,2,87.1,2
62.55,42.26,1.0,2,4,1,46.38,1
100.0,86.06,1.0,0,1,1,92.84,2
51.56,23.07,1.0,1,2,3,45.48,2
68.98,52.76,1.0,2,1,1,52.91,1
74.12,52.4,1.0,1,2,2,58.54,2
52.21,43.9,1.0,1,3,3,39.51,2
100.0,94.96,1.0,0,2,1,87.11,2
59.99,59.39,1.0,1,5,4,63.61,3
66.79,63.16,1.0,1,1,3,62.86,3
84.37,68.68,1.0,1,1,1,79.44,1
26.48,10.0,0.0,3,4,4,1.01,3
50.68,32.3,1.0,1,6,4,49.16,3
78.12,65.82,1.0,1,1,2,65.7,2
47.93,33.11,1.0,3,5,4,39.35,3
65.62,38.37,1.0,1,3,2,54.9,2
66.12,49.22,1.0,0,3,4,62.95,4
54.12,35.61,1.0,2,1,3,49.63,2
49.62,50.52,1.0,2,3,2,47.25,1
69.87,18.39,1.0,0,3,2,55.82,1
54.92,75.33,1.0,3,3,3,51.78,2
78.26,51.01,1.0,0,2,1,68.4,1
62.5,41.93,0.0,0,2,2,37.59,1
96.4,75.01,1.0,0,1,2,77.62,3
74.04,40.98,1.0,2,2,1,54.06,1
51.61,19.29,0.0,4,2,3,19.11,2
61.17,18.09,1.0,1,4,2,55.07,1
70.41,50.8,1.0,0,3,4,69.77,4
68.35,23.44,1.0,1,2,1,54.82,1
93.93,83.37,1.0,1,1,1,83.17,2
67.71,51.96,1.0,1,1,2,56.56,2
53.11,30.1,1.0,2,4,2,47.64,1
78.14,67.96,1.0,0,2,1,69.52,1
96.75,52.01,1.0,0,1,1,83.79,1
61.9,47.48,0.0,0,3,3,38.74,2
84.45,65.74,1.0,0,1,2,78.76,2
81.82,62.93,1.0,0,2,2,67.44,2
63.91,45.32,1.0,0,2,5,63.63,5
81.84,78.0,1.0,0,2,1,72.75,1
87.68,49.26,1.0,1,1,2,70.11,2
67.94,66.09,1.0,1,5,4,60.36,4
70.88,38.88,1.0,0,1,2,58.4,2
50.14,21.63,0.0,3,1,1,18.7,1
97.41,98.49,1.0,0,1,2,94.94,3
84.68,61.38,1.0,1,3,1,68.78,1
92.94,68.63,1.0,0,1,2,77.47,3
58.24,32.56,1.0,2,6,3,48.68,2
52.6,35.4,1.0,2,2,2,51.7,1
10.27,10.52,0.0,3,10,4,0.0,3
88.78,64.24,1.0,0,1,3,76.6,4
69.57,44.67,1.0,0,3,4,62.66,4
98.61,62.15,1.0,1,1,1,77.03,2
47.2,42.99,1.0,3,3,5,35.88,4
55.31,53.41,1.0,1,3,4,53.98,3
76.26,47.55,1.0,0,2,2,69.04,2
39.16,31.69,0.0,2,5,5,20.08,4
82.06,72.39,1.0,1,1,1,69.65,1
73.27,56.86,1.0,0,1,4,69.62,4
69.92,40.12,1.0,1,2,5,57.3,5
71.09,65.78,1.0,1,1,2,61.82,2
58.18,35.02,1.0,2,2,1,49.98,1
68.61,79.35,1.0,1,1,2,66.62,2
64.79,39.2,1.0,0,1,2,58.61,2
83.85,55.13,1.0,0,2,3,69.74,3
46.54,45.17,0.0,4,3,5,17.81,4
76.39,84.29,1.0,0,1,4,72.69,4
71.31,47.56,0.0,0,1,1,45.68,1
83.85,68.41,1.0,1,3,3,72.58,3
50.56,49.39,0.0,2,2,3,29.69,2
48.27,14.12,0.0,4,2,5,16.38,4
95.76,59.98,1.0,1,1,3,75.67,3
92.08,66.19,1.0,0,1,1,76.5,2
53.69,27.68,0.0,1,3,3,31.73,2
73.66,72.97,1.0,0,3,1,69.41,1
95.75,60.34,1.0,1,1,1,75.89,2
81.84,67.79,1.0,0,1,1,73.98,1
35.96,48.03,0.0,3,3,5,17.58,4
87.98,81.98,1.0,0,2,1,75.87,2
58.23,48.85,1.0,2,2,4,58.43,3
73.76,58.26,1.0,1,1,5,59.19,5
68.86,51.01,1.0,1,3,3,61.43,3
79.78,52.31,1.0,0,2,3,74.48,3
46.51,26.51,1.0,2,2,2,45.77,1
100.0,73.42,1.0,1,1,1,88.36,2
45.16,47.93,0.0,3,4,2,30.06,1
83.1,54.4,1.0,0,1,1,73.21,1
81.71,43.87,1.0,0,1,2,69.33,2
72.11,40.6,1.0,1,1,2,60.81,2
83.17,59.5,1.0,1,2,3,68.55,3
45.27,15.9,0.0,4,2,4,15.35,3
72.15,80.43,1.0,1,2,3,65.26,3
93.92,66.14,1.0,0,1,1,78.28,2
57.35,45.58,0.0,0,3,2,47.52,1
86.85,50.96,1.0,1,1,3,67.01,3
57.42,45.84,1.0,2,2,2,46.22,1
81.49,34.04,1.0,1,2,4,56.25,4
58.09,45.39,1.0,1,2,3,53.79,2
99.55,96.67,1.0,1,1,1,80.11,2
82.12,55.87,1.0,0,2,2,75.83,2
75.15,41.92,1.0,1,2,4,54.97,4
91.82,92.49,1.0,1,2,2,80.57,3
51.19,48.11,0.0,4,3,5,17.9,4
74.25,61.42,1.0,2,1,2,60.73,2
65.24,58.35,1.0,1,2,4,62.18,4
81.52,39.07,1.0,0,1,2,63.87,2
63.22,43.53,1.0,1,2,3,57.0,3
50.09,30.6,0.0,1,5,5,24.98,4
43.83,10.0,1.0,2,4,3,33.32,2
70.18,59.19,1.0,1,1,2,59.19,2
70.82,23.36,1.0,0,2,1,65.95,1
86.62,35.25,1.0,0,4,2,61.34,2
44.56,25.83,0.0,3,4,3,18.19,2
75.1,84.23,1.0,0,2,2,75.4,2
83.76,37.64,1.0,0,1,1,61.79,1
80.73,54.35,1.0,0,2,1,73.43,1
61.95,25.36,1.0,1,3,3,49.21,2
50.7,28.19,1.0,3,3,5,38.94,4
46.73,64.88,0.0,2,2,2,24.84,1
50.22,27.95,0.0,4,3,4,14.65,3
75.54,41.26,1.0,1,2,4,62.32,4
82.59,58.93,1.0,0,2,1,74.24,1
44.84,44.67,0.0,3,3,3,21.84,2
85.53,86.39,1.0,0,2,1,78.39,2
92.48,74.19,1.0,0,2,1,80.22,2
24.75,11.41,0.0,4,6,5,0.0,4
66.79,27.24,1.0,0,3,2,67.1,1
84.03,70.86,1.0,0,1,3,73.32,3
91.0,64.25,1.0,0,1,2,82.92,3
73.03,71.07,0.0,2,2,2,45.16,1
64.9,57.15,1.0,1,2,3,58.28,3
62.54,59.74,1.0,1,3,2,58.49,2
21.98,26.23,0.0,3,4,4,11.54,3
72.21,40.95,1.0,2,1,3,51.16,3
83.9,43.68,1.0,1,1,2,64.62,2
45.63,33.7,0.0,4,1,2,13.31,1
78.26,52.35,1.0,0,3,2,70.57,2
73.54,61.96,1.0,1,1,1,62.79,1
56.67,42.65,1.0,1,2,4,59.41,3
63.47,13.41,1.0,1,1,5,43.87,4
83.8,43.83,1.0,0,2,2,65.47,2
82.77,59.05,1.0,0,1,1,71.88,1
83.05,43.42,1.0,0,1,2,68.21,2
46.64,28.18,0.0,3,4,3,21.51,2
67.52,35.49,1.0,2,2,3,49.64,3
67.8,46.59,1.0,2,3,2,55.12,2
50.69,32.7,1.0,3,2,3,37.92,2
68.7,54.49,1.0,0,3,3,69.81,3
90.38,59.13,1.0,0,1,2,73.43,2
70.92,74.21,1.0,1,2,1,65.18,1
76.54,58.97,1.0,0,1,2,66.03,2
82.37,48.58,1.0,0,2,1,72.32,1
90.6,70.99,1.0,0,1,1,80.48,2
82.27,49.29,1.0,1,2,4,61.44,4
41.21,30.86,0.0,2,4,5,19.95,4
48.46,17.22,0.0,1,3,5,25.35,4
80.34,69.34,1.0,0,2,1,67.02,1
71.33,58.48,1.0,0,1,4,67.58,4
64.26,40.29,1.0,1,1,3,55.13,3
91.32,71.34,1.0,0,1,1,89.68,2
79.47,84.96,1.0,0,2,3,72.55,3
65.3,76.8,0.0,1,3,2,43.88,1
63.53,42.86,1.0,0,3,1,59.15,1
71.02,41.13,1.0,0,1,1,56.41,1
73.27,59.75,1.0,0,3,1,73.27,1
56.8,56.7,1.0,1,2,3,55.82,2
43.6,45.79,0.0,3,5,2,18.34,1
63.82,41.41,1.0,1,2,3,56.44,3
74.04,49.57,1.0,1,2,2,59.11,2
75.55,55.31,1.0,1,1,3,66.37,3
49.47,63.74,1.0,1,4,2,52.25,1
65.45,19.15,1.0,1,5,4,53.91,3
70.53,80.13,1.0,1,2,2,61.12,2
59.99,41.86,1.0,0,1,2,56.81,1
78.86,49.11,1.0,1,2,2,68.85,2
77.2,60.3,1.0,0,1,1,69.84,1
84.68,57.31,1.0,1,1,2,67.25,2
76.03,56.2,1.0,0,2,4,70.06,4
87.88,66.13,1.0,0,1,3,80.99,4
60.94,44.08,1.0,1,1,1,56.42,1
91.21,54.79,1.0,0,1,2,78.34,2
70.1,35.31,0.0,2,4,2,33.33,1
67.48,59.01,0.0,0,3,3,43.64,2
47.82,10.0,0.0,2,5,4,13.4,3
86.42,67.55,1.0,0,2,2,76.13,3
65.41,68.21,0.0,0,3,4,47.25,3
56.1,56.33,1.0,0,2,3,57.2,2
66.54,57.28,1.0,0,5,5,66.33,5
59.63,45.69,1.0,0,2,3,55.28,2
64.23,36.84,1.0,1,2,4,53.24,4
57.61,29.55,0.0,2,3,1,21.55,1
72.71,63.11,1.0,1,1,2,65.61,2
24.24,23.75,1.0,3,6,4,29.8,3
81.25,28.25,1.0,0,1,1,63.51,1
59.61,51.2,1.0,2,1,3,47.49,2
81.7,45.39,1.0,0,1,1,65.0,1
72.64,43.18,0.0,0,3,3,46.51,2
66.74,57.19,1.0,2,2,3,56.6,3
100.0,66.45,1.0,0,1,1,79.81,2
58.63,40.64,1.0,1,3,2,51.95,1
78.86,69.76,1.0,0,1,3,68.64,3
65.57,22.25,1.0,0,3,3,61.64,2
75.47,69.43,1.0,0,1,1,69.27,1
72.3,26.23,1.0,1,1,1,54.33,1
79.65,40.13,1.0,0,3,2,70.33,2
95.81,64.63,1.0,0,1,1,76.98,2
48.39,39.62,0.0,1,5,2,27.88,1
60.62,50.53,1.0,2,6,2,58.55,2
62.27,49.33,1.0,1,1,2,52.38,2
56.05,10.82,1.0,2,2,4,43.32,3
56.38,27.76,1.0,2,2,4,52.67,3
70.44,57.1,1.0,1,2,2,59.5,2
63.78,36.05,0.0,0,6,1,40.07,1
67.66,46.49,1.0,1,7,2,58.23,2
70.11,58.02,1.0,1,3,2,66.75,2
88.76,75.71,1.0,0,2,1,73.79,2
77.23,79.43,1.0,0,1,1,73.62,1
61.78,50.46,0.0,2,2,4,30.01,3
59.24,69.91,1.0,0,2,3,59.16,2
75.61,49.9,1.0,0,3,2,68.83,2
80.1,49.97,1.0,0,2,2,74.58,2
74.16,49.3,1.0,2,2,2,60.53,2
84.7,35.64,1.0,0,1,3,68.3,3
59.16,26.03,1.0,0,3,3,48.79,2
78.7,36.09,1.0,0,2,3,61.72,3
78.76,66.09,1.0,0,1,2,72.88,2
74.66,36.44,1.0,1,1,3,61.88,3
48.55,36.5,1.0,4,4,2,38.95,1
43.5,39.9,0.0,3,4,4,20.67,3
70.01,37.87,1.0,1,4,3,58.79,3
86.75,69.13,1.0,0,1,2,74.22,3
46.35,44.0,0.0,3,3,4,18.29,3
55.72,15.81,1.0,0,3,4,50.66,3
54.91,33.53,1.0,2,5,2,50.04,1
72.12,36.98,1.0,2,1,2,49.87,2
64.84,61.64,1.0,0,2,2,68.73,2
61.01,48.31,0.0,1,1,1,30.39,1
83.48,61.27,1.0,0,1,1,69.63,1
100.0,56.81,1.0,0,3,1,82.91,1
82.64,77.13,1.0,0,1,1,79.37,1
50.09,42.36,0.0,1,3,3,31.12,2
71.5,52.39,1.0,0,2,1,66.03,1
100.0,67.59,1.0,0,1,1,84.66,2
44.07,20.66,1.0,2,4,4,33.67,3
59.51,24.58,1.0,1,3,5,49.75,4
82.98,35.42,1.0,1,3,2,63.33,2
68.83,39.58,1.0,2,1,3,44.73,3
39.06,27.39,0.0,4,2,4,8.44,3
66.43,34.07,1.0,0,5,2,57.29,2
55.37,75.07,1.0,0,6,2,68.66,1
83.56,76.12,1.0,0,3,2,68.07,2
67.05,23.62,1.0,0,2,4,57.52,3
100.0,57.93,1.0,0,1,1,79.7,1
40.42,30.03,0.0,3,2,4,12.46,3
60.57,45.62,1.0,1,3,2,56.44,2
56.63,60.19,1.0,1,1,3,55.56,2
56.66,48.77,1.0,0,3,3,54.46,2
68.33,77.74,1.0,0,1,2,74.02,2
82.99,68.76,1.0,0,2,3,75.89,3
72.89,64.29,1.0,0,1,1,67.04,1
51.21,45.92,1.0,4,4,4,39.37,3
56.18,41.2,1.0,1,3,1,49.11,1
97.37,60.46,1.0,0,1,1,84.99,2
81.01,44.18,1.0,0,2,3,67.73,3
90.26,66.28,1.0,0,2,1,78.43,2
56.15,34.93,1.0,0,2,3,57.73,2
82.41,43.31,1.0,0,2,2,73.99,2
67.76,32.23,1.0,0,2,3,62.97,3
67.32,65.82,1.0,0,1,3,69.25,3
39.2,38.88,1.0,3,4,3,29.1,2
58.53,27.32,1.0,2,4,4,45.67,3
36.85,22.11,0.0,3,3,5,9.57,4
100.0,72.85,1.0,0,2,1,87.58,2
84.29,55.1,1.0,1,2,3,65.49,3
89.59,55.15,1.0,0,2,2,74.6,2
40.8,49.37,0.0,2,3,5,27.02,4
92.79,66.18,1.0,0,2,1,80.19,2
75.68,54.0,1.0,0,1,3,69.79,3
70.0,74.17,1.0,0,1,3,76.33,3
71.27,43.01,1.0,2,1,2,57.32,2
72.69,62.86,0.0,1,2,3,47.71,2
81.58,50.53,1.0,0,1,2,68.64,2
50.87,24.18,1.0,2,1,2,45.14,1
82.32,67.52,1.0,1,1,2,71.25,2
58.78,50.91,1.0,1,2,1,56.31,1
51.64,45.77,1.0,4,1,3,35.35,2
93.3,98.94,1.0,1,1,2,85.98,3
78.41,49.73,1.0,0,2,2,62.1,2
80.16,44.08,1.0,0,1,2,59.23,2
44.1,35.24,0.0,2,4,5,31.4,4
53.24,32.93,0.0,2,4,3,22.03,2
78.17,48.37,1.0,0,1,2,63.89,2
53.4,34.66,1.0,1,5,3,50.85,2
64.33,54.52,1.0,0,1,2,62.47,2
89.28,78.17,1.0,0,1,1,78.9,2
78.14,56.27,1.0,0,3,3,64.79,3
79.58,75.14,1.0,0,2,1,73.72,1
78.8,34.27,1.0,0,2,1,67.03,1
67.33,61.34,1.0,2,2,3,53.16,3
94.54,52.67,1.0,0,2,1,78.69,1
47.64,31.11,0.0,4,4,5,17.8,4
73.29,40.32,1.0,0,1,5,62.14,5
65.16,54.34,1.0,2,2,4,50.32,4
100.0,97.3,1.0,1,1,1,88.59,2
65.69,35.9,1.0,2,3,3,44.32,3
65.03,37.34,1.0,0,3,2,51.06,2
71.37,49.79,1.0,1,2,2,59.61,2
75.12,58.34,1.0,1,2,3,69.48,3
92.65,68.29,1.0,0,2,1,75.12,2
100.0,80.88,1.0,0,1,1,84.37,2
69.77,29.52,1.0,0,3,3,55.33,2
60.45,67.41,1.0,1,2,3,58.17,3
40.97,26.95,0.0,4,2,4,5.77,3
63.29,14.13,0.0,0,4,4,30.46,3
58.73,40.78,1.0,1,1,2,52.84,1
70.94,59.68,1.0,0,2,2,68.79,2
73.68,31.16,1.0,0,2,4,58.11,4
59.58,41.29,0.0,0,2,3,35.73,2
43.4,43.07,0.0,2,7,4,22.37,3
80.75,53.63,1.0,0,2,2,71.96,2
82.08,71.52,1.0,0,1,2,72.92,2
63.61,63.11,1.0,1,5,3,57.63,3
49.19,52.36,1.0,4,2,5,43.58,4
73.45,52.01,1.0,1,3,1,60.92,1
100.0,62.04,1.0,0,2,2,78.06,3
75.02,53.16,1.0,0,2,1,64.97,1
65.63,26.05,0.0,1,2,3,38.02,2
78.34,43.25,1.0,0,2,2,66.34,2
74.5,68.64,1.0,0,2,1,69.21,1
46.41,36.57,1.0,3,3,2,28.55,1
62.56,69.73,1.0,0,3,1,62.12,1
70.68,51.16,1.0,1,1,3,63.03,3
80.98,50.31,1.0,0,1,3,73.75,3
60.83,50.29,1.0,2,2,3,56.41,3
33.54,36.29,0.0,2,6,3,8.63,2
61.17,57.79,1.0,0,4,4,60.39,4
99.19,78.83,1.0,0,1,3,91.47,4
76.46,62.58,1.0,0,1,1,72.83,1
66.83,46.17,1.0,1,1,3,57.46,3
85.44,30.5,1.0,0,2,1,66.83,1
94.08,54.14,1.0,0,1,4,75.87,4
43.95,15.94,0.0,3,6,4,15.91,3
66.73,62.61,1.0,0,2,1,71.43,1
49.03,12.87,1.0,3,2,3,34.43,2
82.85,61.95,1.0,0,2,1,73.31,1
79.31,56.05,1.0,0,1,2,67.32,2
84.82,72.41,0.0,0,2,1,56.64,1
87.55,62.29,1.0,0,1,2,79.52,3
88.7,68.91,1.0,0,1,3,78.59,4
99.91,83.2,1.0,1,1,1,83.43,2
100.0,71.16,1.0,0,1,2,79.17,3
54.26,28.86,1.0,3,5,4,42.97,3
49.42,36.0,1.0,4,1,3,42.42,2
72.52,28.88,1.0,1,3,2,62.37,1
88.76,58.53,1.0,0,1,1,73.91,1
39.66,11.25,0.0,2,2,3,7.24,2
65.16,73.61,1.0,1,2,4,61.55,4
75.25,86.66,1.0,0,1,2,80.29,2
49.83,41.57,1.0,2,2,4,45.37,3
67.3,58.45,1.0,1,4,2,62.17,2
35.97,49.94,0.0,2,3,5,21.18,4
39.68,50.99,0.0,1,4,5,23.27,4
88.58,72.0,1.0,0,1,2,75.62,3
62.71,28.54,1.0,0,3,3,57.66,2
100.0,59.95,1.0,0,1,1,80.52,1
72.41,46.71,1.0,1,2,1,59.72,1
49.85,62.6,0.0,3,2,4,33.67,3
100.0,81.91,1.0,0,1,1,88.76,2
64.31,42.21,1.0,0,2,1,60.01,1
100.0,71.6,1.0,0,1,1,72.49,2
100.0,69.1,1.0,0,1,1,75.89,2
88.62,64.54,1.0,0,1,3,75.82,4
67.95,42.58,1.0,2,1,3,47.73,3
74.64,84.66,1.0,2,2,3,59.76,3
55.44,18.18,1.0,2,1,3,45.91,2
52.72,51.2,1.0,2,3,3,43.85,2
100.0,77.16,1.0,0,1,1,85.64,2
51.01,33.98,0.0,3,3,3,26.56,2
84.92,55.72,1.0,0,1,2,72.62,2
64.89,38.15,1.0,1,2,3,54.49,3
70.34,47.72,1.0,1,4,4,63.2,4
61.45,51.96,1.0,1,2,2,49.31,2
73.51,52.59,1.0,2,1,1,54.55,1
84.65,89.75,1.0,0,4,3,74.61,3
59.29,32.66,0.0,1,2,4,29.38,3
66.3,21.51,0.0,1,3,3,29.55,2
52.9,49.32,1.0,2,3,3,51.71,2
63.1,18.47,1.0,1,4,3,46.48,2
31.65,21.82,1.0,2,5,4,28.78,3
55.61,38.52,1.0,0,3,4,55.22,3
89.96,71.52,1.0,0,3,1,79.72,2
58.05,57.45,1.0,2,1,4,57.09,3
95.01,53.1,1.0,0,1,1,80.23,1
98.55,50.88,1.0,0,1,1,86.24,1
96.18,54.5,1.0,0,1,1,82.53,1
77.37,38.33,1.0,1,1,2,63.57,2
52.31,34.79,0.0,2,2,3,23.18,2
85.89,100.0,1.0,1,1,2,88.88,3
100.0,53.49,1.0,0,2,1,71.23,1
52.85,33.16,1.0,3,4,2,46.68,1
67.77,46.53,1.0,0,4,1,64.21,1
48.28,55.18,1.0,1,3,2,54.75,1
78.09,51.71,1.0,0,3,1,72.44,1
92.48,57.07,1.0,0,1,1,77.07,1
73.96,40.75,1.0,0,2,2,61.4,2
59.54,22.42,1.0,0,4,2,54.28,1
61.86,35.01,1.0,0,2,1,54.62,1
95.6,69.42,1.0,1,1,1,74.73,2
74.72,39.91,1.0,0,2,2,59.54,2
53.67,58.59,0.0,3,1,3,26.86,2
66.41,45.05,1.0,2,3,2,52.77,2
88.61,72.2,1.0,1,1,1,71.73,2
69.56,59.24,0.0,2,4,3,36.79,2
76.05,56.03,1.0,0,1,2,66.64,2
69.95,63.64,1.0,1,2,1,57.9,1
98.76,74.68,1.0,0,1,1,86.32,2
72.09,48.64,1.0,0,1,2,59.07,2
69.9,51.67,1.0,2,1,1,55.52,1
80.02,79.79,1.0,0,2,3,85.61,3
75.66,55.64,1.0,0,2,2,68.93,2
71.58,49.68,1.0,1,2,3,60.22,3
79.97,47.55,1.0,0,4,3,60.24,3
63.76,36.12,1.0,1,3,4,51.44,4
99.53,56.07,1.0,0,1,1,75.09,1
19.68,25.05,0.0,2,3,5,10.92,4
82.53,72.11,1.0,0,2,1,80.03,1
70.83,63.79,1.0,2,1,3,54.49,3
89.39,51.84,1.0,0,2,2,63.63,2
65.93,29.16,1.0,1,2,3,51.95,2
79.97,72.18,1.0,0,4,1,74.78,1
64.96,78.97,1.0,0,2,2,73.98,2
56.8,46.77,1.0,1,4,5,59.04,4
58.77,29.09,1.0,1,3,2,51.75,1
72.05,55.33,1.0,1,1,3,65.53,3
80.3,62.23,1.0,0,1,2,70.61,2
82.71,66.36,1.0,0,1,5,67.42,5
45.54,51.47,1.0,3,2,4,41.47,3
77.42,53.19,1.0,0,2,1,70.92,1
43.2,28.38,1.0,3,6,3,31.27,2
30.47,23.09,0.0,4,1,3,7.31,2
83.58,37.31,1.0,1,2,2,64.14,2
86.38,80.91,1.0,0,1,1,76.94,2
72.4,45.33,1.0,1,1,3,63.27,3
93.18,53.11,1.0,0,1,2,72.91,2
63.92,32.69,0.0,0,1,3,36.52,2
89.88,50.26,1.0,0,3,1,73.21,1
78.61,49.12,1.0,0,3,2,68.3,2
30.31,36.18,0.0,2,3,5,17.77,4
54.52,55.6,1.0,4,3,2,40.46,1
79.29,33.23,1.0,0,1,2,72.45,2
58.96,23.32,1.0,1,2,2,41.63,1
70.82,27.55,1.0,0,3,3,65.38,2
77.03,63.96,1.0,0,3,2,70.67,2
78.9,52.95,1.0,0,1,2,69.72,2
85.14,73.39,1.0,0,2,2,74.75,3
87.97,57.71,1.0,0,2,2,71.6,2
69.46,51.5,0.0,1,1,1,42.1,1
78.02,69.28,1.0,0,1,4,70.39,4
80.13,81.87,1.0,0,2,1,73.66,1
72.57,25.39,1.0,2,2,3,61.56,2
35.48,11.22,0.0,2,3,3,6.41,2
50.09,44.24,1.0,2,6,3,41.1,2
55.35,33.7,1.0,1,3,4,42.76,3
58.2,68.62,1.0,1,5,2,59.18,1
53.2,32.55,0.0,2,4,3,16.44,2
70.96,62.3,1.0,2,3,1,68.29,1
78.09,41.05,1.0,0,1,3,71.1,3
65.78,51.31,1.0,1,2,4,60.4,4
38.35,26.06,1.0,1,4,3,31.8,2
88.7,53.95,1.0,0,1,3,74.22,3
69.66,36.9,1.0,2,1,3,51.74,3
85.26,63.27,1.0,0,1,1,74.69,2
68.94,25.45,0.0,2,2,2,22.99,1
62.21,63.38,0.0,2,3,1,35.97,1
55.02,49.84,1.0,2,2,1,52.26,1
65.95,66.05,1.0,1,2,3,62.99,3
70.9,67.4,1.0,1,1,2,68.58,2
58.75,34.26,1.0,0,2,1,49.62,1
61.58,44.06,1.0,1,1,5,53.43,5
79.88,44.49,1.0,0,2,3,75.46,3
65.29,64.07,1.0,0,1,2,62.31,2
92.38,49.41,1.0,1,2,1,69.6,1
72.48,43.75,0.0,1,3,1,33.82,1
66.22,48.28,0.0,0,6,3,38.01,2
85.53,63.79,1.0,1,1,4,66.95,5
92.33,69.8,1.0,0,1,1,86.39,2
42.65,10.0,0.0,2,4,5,13.87,4
47.13,40.32,1.0,3,5,3,35.91,2
65.93,54.78,1.0,0,2,3,62.27,3
89.88,64.36,1.0,0,1,1,68.44,2
73.21,55.0,1.0,0,1,1,64.19,1
68.48,54.03,1.0,0,3,3,57.49,3
59.35,23.61,1.0,1,4,3,47.24,2
97.15,79.81,1.0,0,1,1,85.85,2
67.52,25.18,0.0,0,2,3,40.89,2
55.36,51.32,1.0,0,4,3,57.7,2
56.26,50.5,1.0,0,4,3,64.65,2
69.78,69.24,1.0,2,1,2,59.96,2
70.32,49.16,1.0,0,1,3,65.46,3
96.47,64.21,1.0,0,2,1,81.63,2
97.56,74.71,1.0,0,1,2,87.16,3
84.58,62.23,1.0,1,3,2,66.1,2
67.17,48.23,1.0,1,2,3,61.35,3
67.67,39.11,1.0,0,4,3,63.63,3
63.64,34.88,1.0,0,3,3,58.8,3
87.94,80.68,1.0,1,1,1,70.83,2
57.45,49.83,1.0,0,4,3,55.97,2
77.56,64.24,1.0,0,2,1,71.51,1
52.85,34.57,1.0,3,5,3,41.21,2
71.91,64.77,1.0,0,1,3,73.8,3
82.77,63.68,1.0,0,1,1,69.81,1
64.2,55.7,1.0,1,1,5,57.58,5
83.37,37.36,1.0,0,1,2,69.94,2
99.56,55.93,1.0,0,1,1,76.62,1
71.52,36.7,1.0,2,3,2,42.03,2
50.01,10.22,0.0,2,5,3,16.14,2
71.53,75.03,1.0,0,3,2,69.82,2
65.01,50.53,1.0,2,1,2,47.36,2
69.17,67.17,1.0,2,1,3,64.34,3
87.06,60.97,1.0,0,1,2,77.08,3
83.95,70.32,1.0,0,2,1,77.47,1
72.72,55.68,1.0,1,3,1,60.14,1
85.26,67.26,1.0,0,2,2,72.96,3
100.0,100.0,1.0,0,1,1,90.45,2
48.67,55.46,1.0,3,2,2,41.81,1
67.67,36.77,0.0,1,1,3,37.07,2
71.22,20.95,1.0,0,2,3,57.8,2
94.2,71.74,1.0,0,1,1,78.7,2
75.28,32.25,1.0,0,3,1,64.83,1
49.06,14.68,0.0,3,1,4,12.74,3
82.9,34.68,1.0,0,1,2,69.11,2
80.68,37.4,1.0,0,1,2,61.74,2
40.55,17.22,0.0,2,2,3,12.96,2
73.29,79.11,1.0,1,3,2,76.09,2
99.93,88.84,1.0,0,1,1,83.46,2
60.73,31.41,0.0,0,4,2,36.84,1
72.74,48.09,1.0,1,1,1,61.72,1
67.93,66.52,1.0,0,1,3,69.68,3
85.98,62.15,1.0,0,1,2,74.53,3
69.24,25.26,1.0,2,2,5,47.36,4
100.0,86.18,1.0,0,1,2,89.01,3
78.2,47.75,1.0,0,1,1,68.2,1
41.66,13.62,0.0,3,3,2,10.76,1
79.96,67.68,1.0,0,3,1,71.95,1
81.95,80.35,1.0,0,1,1,79.4,1
81.9,56.81,1.0,1,2,1,65.37,1
31.38,18.32,0.0,1,5,5,14.2,4
59.69,48.17,1.0,0,1,2,62.61,1
71.38,51.08,1.0,0,3,3,65.53,3
89.41,77.01,1.0,0,2,3,85.14,4
60.92,46.76,1.0,1,3,2,54.11,2
82.3,62.24,1.0,0,2,1,72.6,1
46.17,58.07,1.0,2,4,5,51.45,4
61.35,48.6,1.0,2,2,3,52.55,3
75.99,44.5,1.0,0,2,2,64.38,2
78.82,21.82,1.0,0,2,2,57.12,1
67.72,41.63,1.0,1,2,2,56.29,2
100.0,79.77,1.0,1,1,3,80.04,4
93.01,38.56,1.0,0,1,2,71.72,2
56.58,57.18,0.0,1,1,2,40.93,1
77.96,48.09,1.0,1,3,2,63.19,2
46.82,10.61,1.0,2,3,5,34.88,4
88.8,66.58,1.0,0,1,2,75.85,3
77.0,45.44,1.0,0,2,3,66.13,3
59.45,52.54,1.0,1,3,3,52.64,2
86.97,77.56,1.0,1,1,2,75.93,3
35.43,34.45,1.0,2,3,4,36.63,3
82.28,64.19,0.0,0,1,2,59.51,1
59.1,45.75,1.0,2,5,2,43.81,1
75.46,72.59,0.0,0,1,1,61.4,1
39.5,10.0,1.0,2,4,3,39.09,2
54.32,51.23,0.0,3,5,4,30.01,3
70.0,85.33,1.0,0,3,2,71.49,2
96.38,55.07,1.0,1,1,2,66.51,2
72.08,44.81,1.0,0,6,2,60.32,2
75.34,34.2,1.0,0,2,3,62.65,3
85.6,63.25,1.0,0,3,1,78.56,2
83.16,69.31,1.0,0,3,1,78.71,1
69.74,41.57,1.0,0,3,2,61.81,2
67.66,24.46,1.0,0,2,3,54.35,2
36.56,29.32,1.0,4,1,3,27.84,2
67.53,57.84,1.0,2,2,3,49.03,3
37.74,34.68,1.0,2,4,3,43.41,2
82.96,84.55,1.0,0,2,2,81.78,2
92.18,78.68,1.0,0,1,1,79.58,2
78.01,49.22,1.0,0,1,1,58.09,1
92.2,76.76,1.0,0,1,2,78.79,3
72.83,85.81,1.0,2,2,2,67.79,2
89.25,75.58,1.0,0,3,2,79.0,3
43.1,23.65,1.0,2,2,4,31.38,3
37.31,27.47,0.0,2,3,3,16.81,2
73.61,50.35,1.0,1,2,2,65.58,2
84.35,36.94,1.0,0,2,1,62.14,1
81.18,61.53,1.0,0,1,3,76.81,3
69.9,34.31,1.0,2,4,3,44.56,3
97.72,68.24,1.0,0,1,1,85.36,2
81.6,40.74,1.0,0,3,2,67.66,2
85.0,60.12,1.0,0,1,1,68.49,1
65.69,52.69,1.0,0,3,5,62.7,5
58.5,43.96,0.0,0,2,3,42.09,2
88.59,77.26,1.0,0,2,1,77.96,2
58.09,33.58,0.0,0,2,1,41.23,1
81.34,73.9,1.0,0,1,2,76.5,2
55.15,41.85,1.0,0,1,2,54.11,1
43.55,35.71,1.0,2,3,1,43.74,1
93.2,54.19,1.0,1,1,1,69.47,1
80.51,53.6,1.0,0,1,2,71.78,2
44.22,31.53,0.0,1,4,5,19.66,4
49.61,34.04,1.0,4,3,1,35.48,1
64.49,38.25,1.0,2,2,2,53.52,2
52.12,46.34,0.0,3,1,2,18.02,1
74.64,43.99,1.0,1,1,3,59.45,3
51.02,47.83,0.0,2,2,3,26.7,2
85.38,64.09,1.0,1,2,2,73.07,3
54.15,19.0,1.0,2,4,2,44.29,1
38.71,17.85,0.0,4,4,5,3.72,4
100.0,85.17,1.0,0,1,1,84.36,2
66.26,28.21,1.0,1,2,2,51.79,1
56.08,55.87,1.0,0,2,4,60.73,3
25.25,20.86,0.0,3,6,3,0.0,2
86.24,50.03,1.0,0,1,1,79.65,1
61.46,33.47,1.0,0,1,2,58.16,2
75.93,35.0,1.0,0,2,2,52.79,2
100.0,80.73,1.0,0,1,1,87.87,2
60.57,40.32,1.0,0,2,4,48.32,4
43.83,44.12,1.0,1,6,4,46.81,3
60.0,40.03,1.0,1,2,3,53.48,3
80.11,59.77,1.0,0,2,3,64.31,3
78.5,79.81,1.0,1,2,3,71.13,3
81.48,52.13,1.0,0,1,1,72.46,1
62.7,43.83,1.0,1,2,3,53.68,3
68.37,68.01,1.0,0,3,2,75.91,2
56.34,30.63,1.0,0,3,3,55.02,2
71.17,46.78,1.0,1,3,1,58.42,1
73.89,66.71,1.0,1,3,2,66.53,2
62.29,46.62,1.0,1,1,1,56.38,1
85.53,79.94,1.0,1,1,2,78.92,3
68.57,62.14,1.0,1,3,3,65.7,3
51.51,32.68,1.0,2,4,5,48.62,4
65.55,44.1,1.0,0,3,3,65.04,3
58.96,47.37,1.0,1,3,3,48.46,2
40.91,43.13,0.0,2,2,5,21.37,4
46.97,25.9,1.0,3,1,4,37.65,3
38.18,10.0,0.0,2,2,5,6.19,4
70.6,78.91,0.0,2,2,2,45.59,1
88.03,66.36,1.0,0,1,1,76.1,2
98.8,89.53,1.0,0,2,2,90.25,3
88.47,70.04,1.0,1,1,2,71.62,3
50.43,44.13,1.0,1,2,4,56.62,3
35.92,21.36,0.0,3,1,4,5.08,3
76.18,51.55,1.0,0,1,2,65.83,2
72.23,80.63,1.0,2,3,1,65.78,1
67.85,16.34,1.0,0,2,1,53.78,1
59.6,35.51,1.0,0,1,4,57.76,3
49.74,44.93,1.0,3,3,5,41.29,4
84.68,72.9,1.0,1,2,1,67.12,1
74.99,73.35,1.0,1,2,2,68.29,2
35.44,36.11,0.0,1,3,2,21.53,1
68.64,46.97,1.0,2,2,3,61.9,3
62.14,40.46,1.0,0,2,2,60.77,2
59.25,18.08,1.0,0,4,1,51.89,1
97.76,63.4,1.0,0,2,1,81.01,2
81.85,39.58,1.0,0,3,1,72.51,1
32.09,36.94,0.0,3,2,3,9.49,2
77.34,37.37,1.0,0,1,1,70.43,1
85.92,59.42,1.0,0,1,1,77.36,1
82.84,48.91,1.0,0,1,1,65.8,1
76.5,47.91,1.0,0,1,1,73.47,1
51.6,43.98,0.0,3,2,2,23.32,1
45.0,21.36,1.0,2,5,2,40.45,1
92.18,59.65,1.0,0,2,1,66.31,1
64.01,20.81,1.0,1,4,2,49.62,1
69.59,72.28,1.0,2,1,2,56.99,2
91.39,47.47,1.0,1,3,1,65.55,1
100.0,63.99,1.0,0,1,1,77.81,2
98.62,90.81,1.0,0,1,2,80.76,3
62.66,59.93,1.0,0,2,2,66.51,2
79.43,70.21,1.0,1,1,1,67.18,1
88.75,61.07,1.0,0,2,3,74.34,4
66.32,64.17,0.0,0,2,3,45.89,2
62.14,42.14,1.0,2,3,2,45.69,2
75.84,51.28,1.0,0,1,1,74.0,1
95.01,77.85,1.0,0,2,1,77.32,2
63.25,40.81,1.0,0,3,3,56.14,3
81.98,68.34,1.0,0,1,2,75.77,2
94.7,74.99,1.0,0,1,3,85.22,4
64.12,56.66,1.0,0,2,3,56.99,3
62.22,46.26,1.0,0,2,2,67.41,2
99.38,82.28,1.0,0,1,1,90.16,2
79.29,31.89,1.0,0,2,3,60.21,3
80.23,82.34,1.0,0,2,3,87.83,3
89.37,56.27,1.0,0,2,1,83.84,1
75.18,57.45,1.0,0,2,2,68.76,2
69.65,54.94,1.0,2,1,2,58.36,2
58.89,53.07,1.0,2,1,2,51.61,1
58.08,46.72,1.0,0,1,3,60.77,2
56.05,38.02,1.0,0,3,4,55.65,3
67.6,67.54,1.0,1,1,3,58.24,3
78.17,71.48,1.0,0,2,2,71.67,2
96.58,49.24,1.0,0,1,2,79.08,2
69.63,26.69,1.0,0,4,2,53.04,1
88.27,66.87,1.0,0,1,1,75.56,2
98.64,75.7,1.0,0,2,1,79.83,2
82.26,58.9,1.0,0,1,1,74.31,1
62.2,20.32,0.0,2,2,1,25.51,1
89.06,88.48,1.0,0,1,2,81.58,3
67.86,59.01,1.0,1,3,1,60.24,1
53.87,18.44,0.0,3,3,4,13.86,3
87.38,66.21,1.0,0,1,1,79.71,2
76.55,49.43,1.0,0,2,1,62.42,1
59.85,61.82,1.0,1,1,5,60.72,4
94.02,82.46,1.0,0,1,1,85.17,2
100.0,73.21,1.0,0,1,1,71.76,2
85.03,47.85,1.0,0,2,2,66.73,2
44.89,42.91,0.0,1,1,3,30.8,2
76.81,47.42,1.0,0,1,1,62.66,1
79.72,58.46,1.0,0,1,1,73.06,1
100.0,90.18,1.0,0,2,1,78.72,2
71.22,61.73,1.0,2,1,2,60.04,2
94.29,71.52,1.0,1,1,3,77.37,4
100.0,90.64,1.0,1,1,1,81.84,2
90.73,70.21,1.0,0,1,1,81.98,2
51.53,51.83,1.0,3,3,3,46.8,2
63.53,34.01,1.0,2,1,2,46.37,2
61.89,41.38,1.0,1,2,3,57.31,3
90.48,42.68,1.0,0,1,1,73.82,1
77.64,75.44,1.0,0,1,3,73.77,3
73.75,63.88,1.0,1,1,2,65.6,2
82.3,66.78,1.0,1,2,1,67.95,1
92.28,57.89,1.0,1,1,1,69.69,1
99.67,53.0,1.0,0,1,1,73.96,1
64.1,40.63,1.0,1,3,3,47.15,3
55.09,28.54,1.0,0,1,4,56.66,3
81.35,68.9,1.0,0,3,1,74.4,1
70.8,45.31,1.0,2,3,3,49.84,3
47.31,45.7,0.0,2,4,4,24.57,3
70.64,43.48,1.0,1,1,2,53.52,2
66.65,49.43,0.0,0,2,3,47.7,2
79.8,46.77,1.0,0,1,2,66.15,2
52.59,35.66,0.0,1,3,5,21.98,4
36.65,26.7,0.0,2,2,3,11.1,2
48.61,36.31,1.0,2,3,3,45.06,2
54.12,10.85,0.0,2,2,3,20.41,2
79.25,76.46,1.0,0,1,2,68.05,2
60.1,49.2,1.0,0,1,5,57.86,5
66.09,66.99,1.0,0,3,1,67.68,1
85.62,31.48,1.0,0,1,1,69.41,1
98.06,68.34,1.0,0,1,1,81.98,2
66.42,33.3,1.0,0,6,3,54.53,3
77.72,77.29,1.0,0,2,3,76.26,3
62.03,46.77,1.0,0,4,4,64.77,4
70.22,44.98,1.0,2,2,2,58.07,2
89.1,61.23,1.0,0,2,1,76.21,2
65.33,27.54,1.0,0,1,3,59.07,2
56.96,36.68,1.0,1,2,2,50.1,1
69.8,36.92,1.0,0,2,4,60.58,4
66.6,48.8,1.0,1,4,4,63.78,4
86.12,46.15,1.0,1,3,2,67.17,2
91.22,51.18,1.0,0,1,2,74.73,2
84.22,60.56,1.0,0,2,1,71.03,1
58.59,33.79,1.0,1,3,3,46.1,2
75.74,21.22,1.0,1,1,1,55.62,1
66.79,33.87,0.0,1,4,2,35.33,1
63.79,43.62,1.0,1,1,4,58.43,4
70.75,49.84,0.0,0,2,1,35.78,1
99.13,57.84,1.0,0,1,1,80.83,1
72.18,45.68,1.0,1,1,1,58.33,1
53.9,23.57,1.0,2,3,4,49.34,3
81.88,65.69,1.0,0,2,3,71.89,3
47.96,46.57,1.0,4,5,5,36.74,4
53.99,23.9,1.0,4,2,2,27.35,1
72.42,64.1,1.0,1,1,3,67.72,3
81.36,64.42,1.0,1,3,1,68.51,1
48.37,36.51,1.0,3,3,2,36.08,1
87.98,47.6,1.0,1,1,3,64.2,3
21.17,10.0,0.0,1,6,4,3.37,3
81.2,40.81,1.0,0,3,3,65.13,3
59.52,44.9,1.0,0,1,4,58.26,3
56.44,24.75,1.0,0,4,4,45.27,3
71.4,87.94,1.0,2,2,4,62.0,4
50.48,41.95,1.0,3,2,2,39.51,1
87.6,68.63,1.0,0,3,1,78.04,2
75.27,62.39,1.0,0,2,3,76.14,3
87.03,61.48,1.0,0,1,2,69.78,3
72.36,42.16,0.0,2,1,3,33.63,2
72.44,41.85,1.0,0,3,1,65.92,1
57.97,45.05,1.0,1,4,1,55.56,1
60.18,12.61,1.0,0,1,2,49.73,1
68.83,49.78,1.0,0,1,2,54.99,2
23.58,16.04,0.0,3,3,4,0.44,3
40.96,20.18,1.0,3,2,4,29.73,3
80.87,34.06,1.0,0,1,1,69.15,1
68.99,41.06,1.0,1,4,1,60.65,1
47.52,33.6,0.0,3,1,3,10.88,2
66.77,29.93,1.0,2,4,3,56.91,2
71.27,55.53,1.0,1,1,2,60.75,2
60.57,32.67,1.0,0,3,2,58.81,2
100.0,63.12,1.0,0,1,1,73.15,2
79.06,55.56,1.0,1,2,1,62.42,1
62.71,64.82,1.0,2,2,2,56.64,2
62.98,51.73,1.0,2,1,2,46.67,2
54.01,34.86,0.0,2,4,5,23.39,4
65.04,56.59,1.0,1,1,3,56.55,3
65.6,43.72,1.0,2,3,2,55.86,2
51.44,37.18,1.0,3,3,3,44.3,2
76.21,33.16,1.0,0,1,2,67.27,2
90.58,87.25,1.0,0,1,2,82.96,3
62.25,50.93,1.0,0,3,4,62.89,4
53.8,56.87,1.0,4,3,3,47.08,2
70.11,52.81,1.0,0,2,3,69.99,3
25.59,26.06,0.0,1,6,5,8.52,4
88.01,70.09,1.0,0,1,1,78.72,2
73.71,65.92,1.0,1,3,3,68.76,3
67.33,43.81,1.0,1,3,5,58.87,5
60.58,54.3,1.0,1,2,3,58.43,3
84.35,51.92,1.0,0,2,1,68.91,1
32.68,10.0,0.0,4,5,4,0.0,3
72.13,58.68,1.0,0,4,3,66.76,3
50.36,17.59,0.0,3,3,2,14.03,1
69.69,37.91,1.0,0,3,1,57.68,1
93.66,61.92,1.0,0,2,3,77.74,4
52.43,34.0,1.0,3,3,3,31.68,2
58.56,30.98,1.0,0,2,5,60.8,4
60.01,23.66,1.0,0,1,2,52.03,1
74.94,42.87,1.0,1,2,1,64.79,1
91.18,90.08,1.0,0,1,1,81.82,2
54.41,25.68,0.0,2,2,4,19.54,3
82.69,77.69,1.0,0,1,2,76.91,2
52.86,43.49,1.0,3,2,3,44.77,2
82.52,65.16,1.0,0,3,2,62.82,2
61.8,68.92,1.0,0,3,1,61.94,1
57.16,60.98,1.0,2,2,3,52.51,2
50.11,44.0,0.0,1,2,5,33.79,4
60.31,52.15,1.0,1,2,4,58.92,4
88.64,72.75,1.0,0,1,3,81.53,4
82.09,60.39,1.0,0,1,3,69.1,3
72.07,56.69,1.0,0,2,2,66.95,2
97.49,51.16,1.0,0,2,2,72.18,2
75.15,73.82,1.0,1,3,3,70.86,3
55.57,38.58,1.0,0,3,2,53.24,1
62.0,55.94,1.0,1,1,2,62.03,2
59.45,44.7,0.0,1,4,5,32.26,4
98.9,84.82,1.0,1,1,2,87.15,3
86.12,67.73,1.0,0,3,2,72.35,3
70.61,48.3,1.0,1,2,4,59.58,4
75.31,46.83,1.0,0,2,1,70.6,1
18.42,10.0,1.0,3,4,4,14.87,3
84.17,64.93,1.0,0,2,1,69.82,1
62.62,40.73,1.0,1,3,1,51.34,1
64.79,66.31,1.0,0,5,2,65.26,2
100.0,100.0,1.0,1,2,1,91.58,2
44.03,46.95,0.0,3,2,5,19.48,4
53.44,32.18,0.0,2,2,3,18.94,2
66.24,50.62,1.0,1,2,4,61.19,4
47.19,38.69,0.0,3,4,5,16.69,4
87.22,88.62,1.0,0,4,3,81.99,4
48.88,34.88,1.0,3,3,4,39.97,3
83.02,49.24,1.0,0,2,3,68.29,3
87.15,76.37,1.0,1,1,3,70.08,4
77.34,76.43,1.0,1,1,1,60.94,1
83.15,53.11,1.0,0,1,2,76.43,2
67.03,50.4,1.0,0,2,2,60.69,2
73.14,54.68,1.0,0,2,2,67.76,2
84.95,91.16,1.0,1,2,2,82.24,2
71.81,52.83,1.0,0,1,4,67.42,4
70.16,34.59,1.0,0,3,2,54.83,2
93.45,77.99,1.0,0,1,2,80.08,3
54.36,24.53,0.0,4,4,4,21.52,3
86.25,58.98,1.0,0,1,2,76.05,2
49.05,46.81,1.0,3,3,3,40.28,2
40.1,41.93,0.0,2,2,5,27.14,4
53.4,58.37,1.0,3,2,3,56.24,2
92.14,37.67,1.0,1,1,2,63.06,2
93.94,70.67,1.0,0,1,1,82.3,2
54.97,16.07,1.0,2,1,3,35.55,2
78.47,76.25,1.0,0,2,1,79.64,1
86.44,34.21,1.0,1,1,3,58.84,3
46.88,12.15,0.0,3,1,4,7.62,3
73.59,60.49,1.0,1,2,1,59.34,1
43.94,27.83,1.0,2,2,3,29.3,2
86.61,63.36,1.0,0,2,3,80.27,4
70.52,48.95,1.0,1,1,4,60.89,4
78.38,56.52,1.0,0,1,2,62.63,2
77.85,36.62,1.0,1,1,1,64.02,1
71.49,29.44,1.0,0,3,2,59.58,1
52.03,33.57,1.0,3,3,3,37.14,2
80.35,40.93,1.0,0,2,3,62.84,3
100.0,94.97,1.0,0,1,1,87.07,2
42.89,15.39,1.0,4,3,3,27.18,2
85.17,67.81,1.0,0,1,2,77.21,3
69.4,74.5,1.0,0,3,3,70.42,3
82.62,68.94,1.0,1,1,1,62.36,1
51.62,48.75,1.0,3,5,1,39.91,1
49.35,26.59,1.0,3,5,5,36.07,4
84.11,78.96,1.0,0,2,1,80.99,1
85.03,57.18,1.0,0,1,1,68.64,1
93.11,76.87,1.0,1,1,1,72.2,2
50.75,50.92,1.0,3,4,3,42.11,2
80.8,77.43,1.0,0,2,2,76.69,2
70.96,50.69,1.0,2,2,2,49.68,2
48.22,32.3,1.0,3,5,5,34.53,4
62.92,53.34,1.0,1,2,4,58.15,4
85.74,58.29,1.0,0,1,3,67.47,3
69.18,44.95,1.0,2,3,3,50.72,3
93.9,89.1,1.0,0,2,1,77.51,2
75.33,48.6,1.0,0,4,3,62.87,3
53.73,20.08,1.0,3,1,3,37.69,2
93.47,53.51,1.0,0,2,1,81.42,1
69.62,42.6,1.0,0,4,3,58.4,3
82.29,48.16,1.0,1,1,3,63.6,3
64.55,10.0,1.0,1,3,4,45.55,3
69.8,50.28,1.0,2,3,2,52.05,2
75.58,33.58,1.0,0,2,1,57.67,1
44.86,23.8,0.0,3,3,3,10.07,2
94.17,100.0,1.0,0,1,3,85.96,4
65.25,58.0,0.0,1,2,1,39.63,1
57.3,26.5,1.0,1,2,2,53.7,1
39.03,10.0,1.0,3,3,4,23.56,3
82.54,62.22,1.0,0,2,3,74.96,3
76.65,46.14,1.0,1,1,1,59.8,1
76.75,55.56,1.0,1,1,3,67.4,3
58.37,61.3,1.0,0,1,3,62.94,2
77.2,68.29,1.0,0,3,3,61.83,3
72.12,48.58,1.0,1,4,2,58.92,2
49.84,20.07,1.0,4,4,4,25.89,3
100.0,97.77,1.0,0,1,1,87.51,2
81.04,73.96,1.0,0,1,2,67.92,2
53.56,53.59,1.0,2,3,5,45.46,4
63.9,32.36,1.0,0,2,2,57.73,2
81.32,83.63,0.0,0,2,3,61.13,2
100.0,65.65,1.0,1,1,1,77.63,2
80.48,70.77,1.0,1,1,3,70.16,3
54.17,38.71,0.0,3,3,2,21.22,1
48.3,38.79,1.0,3,2,4,30.79,3
90.04,71.46,1.0,0,1,1,81.52,2
92.03,50.47,1.0,0,1,2,73.3,2
76.75,47.03,1.0,0,1,4,63.47,4
66.0,41.95,1.0,1,3,2,58.05,2
69.47,31.35,1.0,0,4,3,63.08,3
100.0,76.73,1.0,0,1,1,86.45,2
75.05,78.02,1.0,0,1,4,74.98,4
61.6,38.61,0.0,0,3,2,33.81,1
73.75,57.09,1.0,2,1,3,58.76,3
90.59,62.73,1.0,0,1,3,74.11,4
78.88,86.59,1.0,0,2,2,75.66,2
63.06,30.1,1.0,0,2,2,57.26,2
68.85,45.96,0.0,0,3,2,43.17,1
58.49,21.58,1.0,1,2,4,58.24,3
61.57,28.33,1.0,2,3,2,44.93,1
68.25,48.11,1.0,2,1,3,48.66,3
66.14,52.05,1.0,2,2,3,58.29,3
61.58,36.14,1.0,1,2,3,57.85,3
70.32,60.99,1.0,2,2,3,65.0,3
34.85,34.81,0.0,3,5,5,12.61,4
100.0,80.03,1.0,0,1,1,85.27,2
59.18,27.73,1.0,2,1,2,43.58,1
100.0,81.67,1.0,0,1,2,83.52,3
64.62,41.3,1.0,0,3,5,56.25,5
68.63,38.68,1.0,1,3,3,57.55,3
38.02,28.51,0.0,4,4,2,4.05,1
69.47,48.72,1.0,0,1,3,68.8,3
100.0,93.67,1.0,0,1,2,84.19,3
90.29,64.93,1.0,0,1,2,77.94,3
54.85,40.79,0.0,2,1,1,22.61,1
49.74,16.12,1.0,1,3,4,40.86,3
81.71,44.79,1.0,0,2,1,73.47,1
65.0,58.75,1.0,1,4,1,56.8,1
73.01,62.97,1.0,0,2,3,66.68,3
63.81,27.63,1.0,1,2,3,48.49,2
83.52,57.15,1.0,1,1,3,71.23,3
48.29,55.16,0.0,3,1,1,30.08,1
55.13,40.57,0.0,1,5,4,30.45,3
75.42,57.01,1.0,0,2,2,68.13,2
84.66,65.49,1.0,0,1,1,72.51,1
78.91,38.31,1.0,0,1,4,65.93,4
71.15,52.6,1.0,1,4,3,56.54,3
58.47,55.08,1.0,0,6,2,59.26,1
100.0,85.09,1.0,0,2,1,89.14,2
64.12,48.05,1.0,2,1,3,53.54,3
95.13,70.59,1.0,0,1,1,79.78,2
59.15,37.96,1.0,0,1,3,60.13,2
78.42,51.59,1.0,0,1,1,68.56,1
78.0,44.61,1.0,1,1,3,58.78,3
41.38,15.32,0.0,2,2,3,14.14,2
52.2,59.97,1.0,1,2,5,53.8,4
46.45,46.47,0.0,1,4,5,37.36,4
51.37,46.91,0.0,3,3,5,16.55,4
77.26,46.79,1.0,0,1,1,68.86,1
47.89,22.05,0.0,2,4,3,17.36,2
54.88,60.71,1.0,3,1,4,42.57,3
68.07,70.74,1.0,1,2,3,60.43,3
95.65,60.64,1.0,0,1,3,69.43,4
62.68,55.35,1.0,2,5,2,56.68,2
91.8,87.57,1.0,0,1,1,81.12,2
84.07,66.92,1.0,0,3,2,71.64,2
85.62,91.46,1.0,0,3,2,85.95,3
52.67,26.56,1.0,4,1,4,23.19,3
61.55,23.31,1.0,0,2,3,54.08,2
63.77,44.22,1.0,1,3,5,64.34,5
71.8,26.0,1.0,1,1,4,54.88,3
61.65,43.41,0.0,0,1,3,43.45,2
51.38,26.31,1.0,2,3,2,39.23,1
64.93,62.22,1.0,1,1,2,54.23,2
78.15,35.42,1.0,0,1,2,65.4,2
100.0,95.49,1.0,0,1,2,93.42,3
74.15,50.57,1.0,0,1,2,65.34,2
62.85,42.56,1.0,0,2,2,65.26,2
65.36,49.76,1.0,1,1,4,55.68,4
58.05,27.41,1.0,0,2,4,57.32,3
52.18,62.13,1.0,4,3,5,39.93,4
68.96,44.19,1.0,2,1,2,56.33,2
75.91,44.12,1.0,0,3,3,65.7,3
57.72,45.66,1.0,1,4,2,56.58,1
45.24,37.35,1.0,3,2,5,47.59,4
64.08,34.05,1.0,1,3,5,58.87,5
58.74,49.1,1.0,0,4,5,58.23,4
97.31,86.97,1.0,0,1,1,88.13,2
67.27,46.84,1.0,0,2,5,62.85,5
58.36,51.88,0.0,0,3,2,41.5,1
64.82,47.24,1.0,0,1,3,62.26,3
100.0,100.0,1.0,0,1,2,89.07,3
51.07,35.77,0.0,2,4,2,22.97,1
54.96,24.13,0.0,1,2,4,27.31,3
89.9,73.06,1.0,0,2,2,77.22,3
47.22,38.73,1.0,1,5,3,52.44,2
83.05,62.76,1.0,0,3,3,68.2,3
84.22,47.64,1.0,0,1,2,65.06,2
83.67,53.57,1.0,1,2,2,75.14,2
38.57,26.54,0.0,1,4,3,23.58,2
59.19,23.53,1.0,1,1,4,48.74,3
62.06,48.86,1.0,1,3,4,56.77,4
95.07,56.53,1.0,0,1,3,80.71,3
74.16,56.36,1.0,1,2,1,61.41,1
96.78,64.27,1.0,0,1,2,82.5,3
63.85,37.47,1.0,1,2,3,56.77,3
95.78,76.7,1.0,0,2,1,85.45,2
90.83,63.56,1.0,0,1,2,73.37,3
35.38,24.22,1.0,2,3,4,32.64,3
83.68,87.81,1.0,1,1,2,77.32,2
48.07,31.47,1.0,2,5,5,43.62,4
83.31,46.74,1.0,0,1,1,69.82,1
79.25,44.9,1.0,0,2,3,63.61,3
26.54,34.62,0.0,3,2,5,15.19,4
68.96,32.22,1.0,0,2,1,61.66,1
82.24,28.08,1.0,1,2,1,63.2,1
79.49,77.27,1.0,0,2,2,82.46,2
70.11,22.33,1.0,2,2,2,51.68,1
92.04,78.1,1.0,0,1,1,80.38,2
54.64,46.45,1.0,4,4,4,41.39,3
45.62,23.62,0.0,2,5,3,24.85,2
75.95,45.11,1.0,0,3,4,64.71,4
67.52,44.44,1.0,1,3,2,57.4,2
63.08,19.39,1.0,2,3,3,45.83,2
100.0,51.28,1.0,0,1,1,76.81,1
78.91,76.33,1.0,0,1,2,71.99,2
67.18,43.41,1.0,0,2,5,60.03,5
69.81,48.01,1.0,2,3,3,60.8,3
59.51,65.36,0.0,1,1,2,38.87,1
55.04,46.72,0.0,0,2,4,35.11,3
58.73,39.74,1.0,1,1,4,49.57,3
75.97,67.4,1.0,0,2,1,68.73,1
51.75,45.57,1.0,2,2,4,52.85,3
75.3,49.22,1.0,0,2,3,59.53,3
80.59,49.32,1.0,0,2,2,73.72,2
70.4,62.72,1.0,1,2,2,64.54,2
95.69,88.41,1.0,0,1,1,86.85,2
77.16,62.19,1.0,0,2,3,73.91,3
16.85,10.0,0.0,3,7,4,0.0,3
58.3,36.92,1.0,2,3,4,51.94,3
71.56,37.63,1.0,0,1,1,65.36,1
64.15,56.36,1.0,0,2,3,65.22,3
93.3,59.95,1.0,0,1,3,76.57,3
35.96,28.72,0.0,1,3,4,20.73,3
69.82,46.28,1.0,0,2,4,61.16,4
83.53,53.13,1.0,0,1,1,66.41,1
55.76,40.44,0.0,1,3,1,30.65,1
81.5,45.49,1.0,0,2,3,67.91,3
55.91,57.83,1.0,0,6,1,52.25,1
71.69,61.84,1.0,1,1,4,56.18,4
65.68,40.15,1.0,1,1,2,51.47,2
70.37,51.86,1.0,0,2,1,64.4,1
47.24,46.32,0.0,1,2,3,28.57,2
68.41,53.33,0.0,0,3,1,44.7,1
47.72,21.7,0.0,2,2,3,18.23,2
90.21,55.44,1.0,0,1,4,80.43,4
77.19,44.72,1.0,0,3,1,58.21,1
52.25,40.31,1.0,1,2,2,51.18,1
85.39,54.0,1.0,0,3,2,66.56,2
61.23,45.06,1.0,0,1,3,52.58,3
76.23,47.38,1.0,1,2,1,60.61,1
86.44,71.1,1.0,0,1,3,78.16,4
79.25,60.68,1.0,0,1,3,64.68,3
66.36,49.24,1.0,0,2,2,55.71,2
57.03,32.53,1.0,0,2,5,55.89,4
98.0,78.76,1.0,0,1,1,83.87,2
66.08,52.38,0.0,0,3,3,45.83,2
55.66,47.94,1.0,0,3,5,58.95,4
64.73,59.87,0.0,0,2,3,49.75,2
73.61,66.83,1.0,0,1,4,74.49,4
59.92,50.51,1.0,1,1,3,48.47,2
57.51,27.52,0.0,1,1,1,28.05,1
97.72,91.56,1.0,0,1,1,89.7,2
39.14,23.07,1.0,1,4,5,40.81,4
62.3,46.53,1.0,0,2,1,66.89,1
55.47,26.13,1.0,0,5,3,51.36,2
89.73,71.15,1.0,0,4,2,81.72,3
75.47,44.23,1.0,0,2,1,61.7,1
89.96,57.08,1.0,0,1,1,78.12,1
65.14,31.8,1.0,1,2,2,55.79,2
84.34,52.88,1.0,0,1,1,72.84,1
76.8,70.86,1.0,1,2,3,67.47,3
58.03,28.79,0.0,0,1,4,34.07,3
90.18,67.95,1.0,0,1,2,79.25,3
59.59,68.69,1.0,2,2,2,52.98,1
44.29,10.0,0.0,2,2,4,19.61,3
62.91,61.54,1.0,1,3,2,54.37,2
90.81,72.25,1.0,1,1,1,80.39,2
54.33,35.35,0.0,2,3,2,24.21,1
100.0,59.78,1.0,0,1,1,80.52,1
100.0,53.83,1.0,0,2,3,79.94,3
83.89,72.03,1.0,0,3,1,80.69,1
57.57,15.99,1.0,1,4,4,44.7,3
86.91,53.13,1.0,0,2,2,77.33,2
61.9,12.65,1.0,0,1,5,53.95,4
92.98,67.18,1.0,0,1,2,79.05,3
58.0,37.16,1.0,1,2,3,40.41,2
75.06,53.1,1.0,0,1,1,62.87,1
89.62,71.3,1.0,0,2,2,84.51,3
75.12,53.77,1.0,0,1,5,65.44,5
42.78,15.28,0.0,3,4,4,9.55,3
37.06,30.05,1.0,2,4,5,35.29,4
76.32,35.68,1.0,0,4,3,60.54,3
69.5,38.7,1.0,0,3,2,60.06,2
69.59,64.13,0.0,0,1,2,41.5,1
77.12,48.16,0.0,0,3,2,45.86,1
53.93,42.28,0.0,4,3,3,28.69,2
61.21,58.06,1.0,2,1,3,47.71,3
48.73,40.21,0.0,3,4,5,17.34,4
80.65,57.68,1.0,0,1,2,74.68,2
77.13,59.58,1.0,0,1,2,68.4,2
81.41,70.08,1.0,0,3,2,68.2,2
93.64,52.43,1.0,0,1,3,70.94,3
87.93,69.11,1.0,0,2,1,72.58,2
54.63,46.54,1.0,1,3,4,53.63,3
42.88,27.71,0.0,1,2,3,30.47,2
97.33,62.41,1.0,0,1,1,74.74,2
56.33,38.26,1.0,0,2,3,59.52,2
35.81,10.0,1.0,4,2,4,17.39,3
78.71,68.76,1.0,0,2,3,65.51,3
73.31,65.85,1.0,1,3,3,60.92,3
58.83,58.74,1.0,1,3,3,53.81,2
82.63,73.58,1.0,1,1,1,73.07,1
100.0,84.18,1.0,0,1,1,91.07,2
35.13,14.76,0.0,1,5,5,17.95,4
81.28,68.81,1.0,0,2,1,72.29,1
68.61,37.42,1.0,1,3,1,53.83,1
74.71,79.98,1.0,1,1,1,73.83,1
72.39,32.82,1.0,0,3,2,55.78,2
78.55,41.4,1.0,0,2,1,65.07,1
95.65,79.3,1.0,0,1,2,84.63,3
76.73,66.18,1.0,0,3,2,71.4,2
96.12,62.94,1.0,0,1,1,78.81,2
56.7,35.77,1.0,0,4,3,55.08,2
75.14,52.88,1.0,0,3,1,65.95,1
84.58,80.45,1.0,0,2,1,87.46,1
67.58,55.85,1.0,1,1,3,63.63,3
66.67,50.12,1.0,0,2,3,58.66,3
95.64,60.62,1.0,0,2,1,74.81,2
56.29,16.03,1.0,1,3,4,44.81,3
28.91,35.39,0.0,3,5,2,8.22,1
78.62,52.44,1.0,0,3,2,69.41,2
35.48,19.34,0.0,3,3,5,3.7,4
100.0,91.86,1.0,0,1,1,84.36,2
94.36,54.61,1.0,0,2,2,74.87,2
64.33,43.33,1.0,0,3,1,56.7,1
91.74,39.78,1.0,0,1,3,68.41,3
76.71,66.48,1.0,0,2,1,68.06,1
71.43,41.33,1.0,1,1,3,52.59,3
77.64,74.24,1.0,0,2,3,80.44,3
37.88,29.38,1.0,4,3,4,32.17,3
68.84,57.41,1.0,0,1,2,73.27,2
64.88,34.64,0.0,2,6,3,30.34,2
84.36,67.99,1.0,0,3,1,72.03,1
83.55,38.76,1.0,0,1,3,66.44,3
78.71,59.19,1.0,0,2,1,68.42,1
70.99,80.92,1.0,1,3,2,62.94,2
96.29,58.9,1.0,0,1,2,73.5,2
62.43,42.58,1.0,0,3,5,59.96,5
20.38,10.0,0.0,4,7,5,0.0,4
80.61,61.62,1.0,0,2,1,73.42,1
61.34,33.89,0.0,1,2,2,31.4,1
62.6,42.02,1.0,0,2,3,57.58,3
84.38,47.18,1.0,1,2,2,64.14,2
59.06,37.54,1.0,1,3,1,48.55,1
98.73,48.72,1.0,1,1,1,71.93,1
94.17,61.68,1.0,0,1,2,75.74,3
49.46,32.34,0.0,3,2,4,20.54,3
80.83,38.96,1.0,0,1,3,65.99,3
67.85,29.22,0.0,0,1,5,38.11,4
100.0,79.77,1.0,0,3,2,87.33,3
29.65,10.0,0.0,4,4,4,0.43,3
63.83,80.08,1.0,2,2,2,62.83,2
86.32,42.09,1.0,0,2,3,65.42,3
58.29,48.27,1.0,0,5,2,57.56,1
49.38,49.15,0.0,2,4,5,24.43,4
48.4,22.09,1.0,1,5,5,45.63,4
65.64,40.28,0.0,1,3,2,32.13,1
43.9,55.53,1.0,4,6,5,40.7,4
62.97,42.48,1.0,0,1,4,58.99,4
51.88,30.26,1.0,3,4,2,38.22,1
81.26,56.63,1.0,0,3,2,75.44,2
45.33,10.0,1.0,4,3,5,29.35,4
83.97,78.55,1.0,1,2,1,79.38,1
50.67,46.07,0.0,3,4,4,24.31,3
68.91,25.68,1.0,0,1,2,55.81,1
53.89,22.81,1.0,2,4,4,41.21,3
48.49,42.26,1.0,3,4,4,36.94,3
56.65,56.62,1.0,1,2,3,57.89,2
63.92,47.75,0.0,1,3,2,34.44,1
79.77,85.92,1.0,0,1,1,81.17,1
64.95,65.51,1.0,1,3,1,63.92,1
73.35,38.53,1.0,0,1,3,55.16,3
97.5,70.76,1.0,0,1,1,85.74,2
60.46,29.19,1.0,1,5,4,48.39,3
59.05,30.72,1.0,2,1,4,48.28,3
78.28,63.54,1.0,1,3,2,71.22,2
97.12,77.52,1.0,0,2,1,80.92,2
87.21,47.8,1.0,0,1,3,76.2,3
38.03,10.92,1.0,1,2,3,33.12,2
82.44,63.87,1.0,1,1,1,72.86,1
53.41,45.8,0.0,2,4,3,22.79,2
64.14,54.24,0.0,2,2,3,28.3,2
71.58,33.64,0.0,1,2,1,33.88,1
65.49,61.05,1.0,1,4,2,65.16,2
71.86,48.95,1.0,1,4,2,60.57,2
85.57,74.09,1.0,0,2,3,74.42,4
88.81,87.41,1.0,0,1,2,79.71,3
78.79,46.66,1.0,0,2,2,74.6,2
63.12,37.53,1.0,0,2,4,54.31,4
68.16,50.39,1.0,0,1,3,68.72,3
83.07,93.83,1.0,0,2,3,83.46,3
72.99,71.3,1.0,0,1,2,66.05,2
75.02,55.16,1.0,1,2,1,63.45,1
54.76,52.8,1.0,4,1,2,43.13,1
88.71,62.96,1.0,0,2,1,77.66,2
61.02,25.41,1.0,0,3,4,57.24,3
76.06,58.68,1.0,0,4,2,70.47,2
59.26,53.86,1.0,1,2,4,57.92,3
60.3,56.73,1.0,1,2,2,62.2,2
69.8,48.58,1.0,0,1,2,58.79,2
78.17,52.66,1.0,1,2,3,65.25,3
94.89,68.53,1.0,0,1,1,76.87,2
41.96,21.14,0.0,1,1,5,23.13,4
90.11,53.88,1.0,0,3,1,78.34,1
83.06,37.18,1.0,0,1,1,67.56,1
94.16,64.7,1.0,0,1,1,79.38,2
27.07,15.58,0.0,2,6,4,0.59,3
58.6,67.57,0.0,0,2,4,51.86,3
61.84,35.43,1.0,0,2,4,55.09,4
100.0,52.33,1.0,0,2,2,70.39,2
100.0,84.92,1.0,1,1,1,86.43,2
76.29,46.76,1.0,1,1,1,66.02,1
67.69,59.2,1.0,1,2,1,60.69,1
72.48,41.35,1.0,0,2,1,50.02,1
84.93,76.33,1.0,0,2,1,80.23,1
50.98,32.9,1.0,2,2,2,47.57,1
84.07,64.05,1.0,0,2,4,76.37,4
100.0,79.34,1.0,0,1,2,91.15,3
45.67,31.93,1.0,2,2,3,40.83,2
63.03,52.62,0.0,1,3,3,45.3,2
65.96,31.51,1.0,2,5,1,53.49,1
78.07,52.52,1.0,1,1,3,59.94,3
100.0,31.74,1.0,0,1,1,72.61,1
56.96,35.75,1.0,0,2,5,52.57,4
58.26,60.34,1.0,0,5,3,60.36,2
58.65,33.16,0.0,2,1,1,29.05,1
52.77,52.21,1.0,2,4,4,53.98,3
64.98,39.27,1.0,0,2,1,56.67,1
72.23,53.24,1.0,1,2,2,67.7,2
79.12,58.71,1.0,0,3,3,71.14,3
32.18,31.89,1.0,3,3,5,26.6,4
75.46,64.4,1.0,1,1,3,66.72,3
67.11,51.57,1.0,0,1,5,59.19,5
53.29,36.1,1.0,3,1,4,37.52,3
88.73,79.78,1.0,0,1,1,73.38,2
73.56,64.19,1.0,1,2,2,65.58,2
61.72,31.27,1.0,1,2,2,50.76,2
86.32,59.91,1.0,0,2,1,71.7,1
53.21,47.51,0.0,3,3,2,22.44,1
74.89,54.98,1.0,0,2,2,68.71,2
71.88,72.88,1.0,0,3,3,68.73,3
100.0,68.46,1.0,0,1,1,85.37,2
58.38,48.69,0.0,1,3,3,39.17,2
62.28,52.3,0.0,1,5,4,32.81,3
76.2,41.39,1.0,0,3,1,69.15,1
74.19,36.81,1.0,0,2,3,61.52,3
86.91,64.34,1.0,0,1,2,72.2,3
83.54,59.57,1.0,0,4,3,78.88,3
62.78,39.14,1.0,2,2,3,52.78,3
71.03,50.09,1.0,1,3,2,55.95,2
82.13,62.87,1.0,1,3,3,61.99,3
51.52,30.05,1.0,2,3,3,45.96,2
95.64,73.2,1.0,0,1,1,83.15,2
62.2,31.42,1.0,0,1,2,56.63,2
81.37,55.13,1.0,0,2,1,77.32,1
79.43,73.7,1.0,1,1,2,69.5,2
58.17,44.95,0.0,0,3,3,33.18,2
61.35,29.43,1.0,1,2,2,48.77,1
77.52,57.75,1.0,0,3,2,69.02,2
78.93,43.78,1.0,0,2,4,62.12,4
47.5,10.0,1.0,2,1,4,37.24,3
50.34,54.27,1.0,3,3,5,39.08,4
33.11,50.12,0.0,2,1,3,18.24,2
50.88,26.69,1.0,3,3,3,44.93,2
79.83,62.52,1.0,0,3,1,75.55,1
58.11,45.47,1.0,0,2,4,54.42,3
91.43,77.15,1.0,0,1,2,73.53,3
77.64,26.48,1.0,1,1,2,64.67,1
58.05,55.61,1.0,0,1,3,59.84,2
86.26,66.37,1.0,0,2,3,75.08,4
79.24,44.54,1.0,0,2,2,64.18,2
100.0,86.7,1.0,0,1,2,86.71,3
68.16,49.41,1.0,0,4,3,63.75,3
73.84,41.25,1.0,2,2,3,60.19,3
63.79,67.73,1.0,0,2,5,65.22,5
43.52,27.36,1.0,1,2,4,41.27,3
89.73,61.55,1.0,0,1,2,79.0,3
64.65,47.02,1.0,0,3,3,63.95,3
89.93,72.49,1.0,0,1,3,77.2,4
81.17,52.46,1.0,0,2,2,73.34,2
82.06,63.34,1.0,0,1,1,72.91,1
57.08,44.63,0.0,0,2,2,38.86,1
71.0,50.85,1.0,1,1,1,56.14,1
66.23,62.86,1.0,1,8,2,63.14,2
57.67,26.02,1.0,2,2,5,48.73,4
89.93,70.7,1.0,0,1,1,82.55,2
55.96,85.56,0.0,0,2,4,48.64,3
73.83,52.69,1.0,0,3,1,72.26,1
82.6,60.68,1.0,0,3,3,67.01,3
78.48,59.41,1.0,0,1,5,66.92,5
83.86,95.19,1.0,0,1,2,78.6,2
85.58,64.41,1.0,0,3,1,73.72,2
76.41,38.73,1.0,0,4,2,62.07,2
88.02,51.42,1.0,1,1,1,70.11,1
46.19,38.92,1.0,3,1,4,35.75,3
67.36,44.23,1.0,1,1,2,53.05,2
85.92,46.05,1.0,0,3,1,76.3,1
70.5,49.92,0.0,1,3,2,43.57,1
66.2,10.0,0.0,1,4,1,25.93,1
48.32,52.36,1.0,3,2,2,41.0,1
71.89,30.2,1.0,0,2,2,62.27,2
62.25,56.04,1.0,1,2,1,49.33,1
93.56,60.84,1.0,0,1,1,71.27,2
81.07,72.24,1.0,0,4,1,74.04,1
89.19,55.68,1.0,1,1,1,73.77,1
69.7,58.14,1.0,1,3,1,59.57,1
66.52,41.81,1.0,2,4,3,63.72,3
68.63,57.46,1.0,1,3,2,62.93,2
81.71,69.74,1.0,0,2,4,74.58,4
32.57,24.61,0.0,2,3,4,16.77,3
55.97,43.81,1.0,0,4,4,62.56,3
85.47,48.57,1.0,0,2,3,75.05,3
62.68,28.56,1.0,1,2,1,58.97,1
60.23,46.75,1.0,1,1,5,46.74,5
65.62,45.19,1.0,1,1,3,56.81,3
84.43,79.45,1.0,0,2,1,76.84,1
53.25,54.94,1.0,4,2,3,39.98,2
63.57,56.71,0.0,0,4,2,38.14,1
52.47,29.58,1.0,3,3,2,36.55,1
52.1,47.94,1.0,4,7,5,36.5,4
100.0,75.72,1.0,0,1,1,82.75,2
47.05,29.18,0.0,2,2,1,20.96,1
90.28,100.0,1.0,0,1,2,87.1,3
56.39,38.83,1.0,2,2,4,49.52,3
66.78,56.01,1.0,0,1,4,64.27,4
74.36,43.64,1.0,0,3,2,67.76,2
59.27,27.72,1.0,1,5,3,52.86,2
65.76,42.88,0.0,0,2,1,44.19,1
83.94,17.77,1.0,0,1,1,59.01,1
62.09,33.54,1.0,1,4,1,51.18,1
74.83,41.42,1.0,0,1,4,57.81,4
62.78,59.62,1.0,0,4,1,64.59,1
62.88,51.5,1.0,1,3,3,56.77,3
65.57,42.74,1.0,1,1,3,63.17,3
86.64,79.28,1.0,1,2,2,80.23,3
52.55,17.35,0.0,2,1,4,15.91,3
58.09,28.33,0.0,0,1,5,32.94,4
60.35,47.82,1.0,1,2,2,51.49,2
73.35,71.71,1.0,0,2,1,76.83,1
88.33,82.71,1.0,1,1,3,88.7,4
69.07,81.06,1.0,0,4,1,71.82,1
49.27,24.94,1.0,4,1,3,29.04,2
49.44,16.13,0.0,2,6,2,19.21,1
82.95,56.99,1.0,0,1,2,68.21,2
57.1,54.67,1.0,1,3,2,64.18,1
61.84,70.67,1.0,1,4,5,60.58,5
93.58,50.12,1.0,0,1,2,77.93,2
71.46,57.93,1.0,0,1,1,60.22,1
85.48,82.21,1.0,0,1,1,79.44,2
58.99,55.34,1.0,0,3,4,55.14,3
77.29,51.5,1.0,0,2,4,58.35,4
100.0,64.87,1.0,0,1,1,82.22,2
58.54,40.24,1.0,0,2,4,60.36,3
70.22,55.02,1.0,1,1,2,58.86,2
47.66,32.11,1.0,2,1,5,44.52,4
86.93,38.3,1.0,0,2,2,67.58,2
47.5,24.64,1.0,3,3,3,44.02,2
62.96,60.49,0.0,0,3,3,44.17,2
73.98,59.58,1.0,0,2,3,72.1,3
100.0,84.87,1.0,0,2,1,82.89,2
56.28,48.39,0.0,1,5,2,36.88,1
49.94,40.77,0.0,2,3,5,18.74,4
56.24,10.0,1.0,0,2,2,47.55,1
65.53,37.22,1.0,0,2,3,58.94,3
84.34,63.41,1.0,0,1,1,73.84,1
87.91,62.74,1.0,0,1,1,73.74,2
89.94,38.13,1.0,0,1,4,73.54,4
63.75,54.84,1.0,1,3,3,58.85,3
93.22,85.91,1.0,0,1,1,81.54,2
46.9,10.0,0.0,2,1,4,12.63,3
52.89,21.5,1.0,3,2,5,35.1,4
76.6,69.82,1.0,0,3,2,72.78,2
65.06,10.27,1.0,1,1,4,51.64,3
92.96,74.09,1.0,0,1,1,71.01,2
56.3,54.76,1.0,2,5,5,52.03,4
74.71,60.27,1.0,0,3,3,69.64,3
69.51,54.11,1.0,0,3,2,65.45,2
84.46,70.53,1.0,0,1,1,81.57,1
50.5,33.35,0.0,2,1,4,24.88,3
76.93,73.24,1.0,0,2,5,73.3,5
43.32,23.85,0.0,2,2,3,22.02,2
84.77,78.88,1.0,1,1,2,71.46,2
82.1,57.59,1.0,0,1,2,66.67,2
79.01,49.02,1.0,0,1,3,69.82,3
64.89,35.13,1.0,2,1,4,46.7,4
64.92,52.24,1.0,2,3,4,57.42,4
81.88,54.43,1.0,0,1,1,70.75,1
92.23,54.62,1.0,0,1,2,77.96,2
46.41,39.0,1.0,3,4,2,34.14,1
56.66,53.3,1.0,1,1,4,56.02,3
57.79,36.71,1.0,1,2,3,60.31,2
59.82,33.93,1.0,1,2,2,52.62,1
53.37,25.79,1.0,4,6,3,38.99,2
60.49,29.13,1.0,1,2,3,50.57,2
62.82,66.25,1.0,2,1,3,60.68,3
90.68,56.55,1.0,0,2,2,69.56,2
84.64,67.39,1.0,0,2,1,74.24,1
60.84,49.96,1.0,1,1,2,56.74,2
57.51,52.98,1.0,1,4,1,59.88,1
70.3,65.09,1.0,1,2,3,58.72,3
100.0,85.21,1.0,0,1,1,91.8,2
65.01,43.51,1.0,2,5,2,50.02,2
51.81,39.88,1.0,1,5,3,42.96,2
88.23,57.93,1.0,1,1,1,72.6,1
72.32,36.0,1.0,0,1,1,58.86,1
91.88,58.84,1.0,0,2,3,77.36,3
85.11,78.54,1.0,0,2,1,79.55,2
100.0,64.46,1.0,1,1,3,80.82,4
38.42,33.52,0.0,2,5,2,19.41,1
79.72,48.87,1.0,0,1,2,74.87,2
68.91,49.59,1.0,0,4,4,62.76,4
80.41,39.34,1.0,1,1,1,65.42,1
64.59,17.02,1.0,2,2,2,44.53,1
64.27,37.93,1.0,2,3,3,52.86,3
66.3,64.22,1.0,2,1,4,61.0,4
100.0,61.56,1.0,1,1,1,74.59,2
43.82,20.07,1.0,2,3,3,32.88,2
58.13,29.11,1.0,1,1,3,54.6,2
61.42,38.91,1.0,1,4,3,59.42,3
78.67,55.32,1.0,0,3,2,61.76,2
61.91,56.29,1.0,0,4,3,61.25,3
74.05,71.48,1.0,1,1,1,62.69,1
70.72,59.55,1.0,0,2,2,67.65,2
47.93,29.45,1.0,2,4,3,48.78,2
81.05,47.81,1.0,0,1,1,63.56,1
67.82,34.78,1.0,0,3,2,52.77,2
80.13,51.65,1.0,0,2,1,74.7,1
98.22,61.98,1.0,0,1,1,78.07,2
80.41,35.1,1.0,0,2,1,64.42,1
60.63,36.09,1.0,0,4,5,58.19,5
72.99,51.64,1.0,1,1,2,57.84,2
61.11,24.5,1.0,2,3,2,46.09,1
100.0,77.07,1.0,0,1,1,83.91,2
78.84,48.64,1.0,0,2,1,65.43,1
89.09,50.35,1.0,0,2,2,75.19,2
63.69,34.9,1.0,0,2,1,54.49,1
97.51,51.65,1.0,0,1,1,74.42,1
55.53,33.7,1.0,0,3,4,56.84,3
71.33,46.39,1.0,1,1,2,56.87,2
56.74,23.59,1.0,1,3,3,48.53,2
60.91,49.56,1.0,1,1,2,58.62,2
82.27,62.97,1.0,0,1,3,67.93,3
85.11,84.93,1.0,0,2,2,79.97,3
96.22,74.83,1.0,0,2,1,85.19,2
100.0,83.96,1.0,1,1,3,81.6,4
85.59,59.06,1.0,0,1,3,67.2,3
57.39,49.51,0.0,2,4,1,30.31,1
86.38,66.75,1.0,1,1,2,74.98,3
88.56,60.6,1.0,0,1,1,81.45,2
80.38,90.05,1.0,0,3,2,80.21,2
61.76,31.89,1.0,0,1,3,54.43,3
60.05,53.27,1.0,0,2,3,60.87,3
50.74,40.25,0.0,3,4,3,25.67,2
44.35,35.59,0.0,1,2,2,24.48,1
46.81,39.64,1.0,2,6,3,38.51,2
96.64,59.28,1.0,0,2,1,72.98,1
75.2,31.55,1.0,1,1,4,54.17,4
75.11,53.95,1.0,0,2,2,69.44,2
62.86,21.56,1.0,1,2,4,51.96,3
66.19,75.85,1.0,1,4,2,70.77,2
65.33,32.73,1.0,0,4,3,66.35,3
78.22,48.06,1.0,0,1,1,69.76,1
75.39,61.88,1.0,0,2,5,67.27,5
51.7,20.95,0.0,1,3,5,29.58,4
66.35,48.85,1.0,1,1,3,61.85,3
47.09,28.5,1.0,4,4,5,39.31,4
66.17,31.82,1.0,1,1,2,49.23,2
63.23,37.01,1.0,2,2,2,56.54,2
72.54,35.73,1.0,1,4,3,62.63,3
68.36,25.91,1.0,2,2,1,52.88,1
50.03,39.34,1.0,2,3,3,45.78,2
79.41,53.07,1.0,0,1,3,64.52,3
54.48,53.19,1.0,2,2,1,50.71,1
70.55,53.26,1.0,2,3,2,57.99,2
100.0,79.94,1.0,0,1,1,87.39,2
92.55,56.59,1.0,0,1,2,80.77,2
71.89,26.59,1.0,0,1,3,63.0,2
57.88,60.23,1.0,1,1,4,52.54,3
72.85,31.49,1.0,0,2,3,60.02,3
47.33,59.08,0.0,2,1,5,39.44,4
48.34,23.39,1.0,2,3,3,41.22,2
70.15,36.03,1.0,2,1,5,43.65,5
94.25,86.05,1.0,0,1,1,78.63,2
79.26,44.85,1.0,0,1,2,71.98,2
92.65,82.03,1.0,0,1,3,76.09,4
65.88,52.16,1.0,1,3,3,53.6,3
73.92,63.49,1.0,1,2,2,66.1,2
79.72,45.85,1.0,0,2,1,67.77,1
67.05,32.23,1.0,1,2,1,57.39,1
34.92,10.0,0.0,1,5,4,17.12,3
37.61,23.68,0.0,2,2,5,13.69,4
63.96,41.21,1.0,0,2,4,66.79,4
99.74,99.99,1.0,0,2,1,89.77,2
84.54,68.73,1.0,0,1,1,80.17,1
86.13,46.51,1.0,0,2,3,68.44,3
83.48,93.39,1.0,1,1,3,79.41,3
59.28,54.19,1.0,2,2,2,46.64,1
81.22,77.65,0.0,0,1,3,58.09,2
90.04,72.1,1.0,0,2,1,80.38,2
70.73,39.1,1.0,0,2,3,62.61,3
64.91,25.99,1.0,1,3,4,52.32,3
68.5,52.48,1.0,2,1,3,50.13,3
62.27,36.51,1.0,0,1,2,60.42,2
68.87,63.24,1.0,1,3,5,62.14,5
70.37,47.09,1.0,1,2,2,59.34,2
89.37,69.91,1.0,0,3,2,75.78,3
80.13,92.83,1.0,0,1,1,81.23,1
57.39,36.36,0.0,1,3,3,26.72,2
70.06,67.21,1.0,0,3,5,63.42,5
83.45,45.83,1.0,0,1,1,64.92,1
74.17,68.03,1.0,1,2,3,64.05,3
76.97,59.81,1.0,1,2,1,66.23,1
49.5,45.17,1.0,2,3,3,46.62,2
83.5,87.85,1.0,0,3,3,83.69,3
91.35,85.99,1.0,0,2,2,94.14,3
72.46,51.98,1.0,1,3,2,66.49,2
98.96,57.17,1.0,0,1,4,73.58,4
99.85,80.74,1.0,0,1,1,88.57,2
32.02,10.0,1.0,2,4,4,20.85,3
64.56,31.34,1.0,0,1,4,61.9,4
91.46,71.74,1.0,1,2,1,77.23,2
48.49,45.65,0.0,2,2,5,29.74,4
69.64,48.27,1.0,0,1,2,65.64,2
70.8,82.46,1.0,1,3,2,73.28,2
65.11,48.72,1.0,1,4,3,58.73,3
77.43,49.55,1.0,0,1,2,70.54,2
82.06,66.67,1.0,0,3,2,77.23,2
90.23,71.1,1.0,0,1,4,74.95,5
77.9,21.16,0.0,0,1,4,45.46,3
100.0,78.49,1.0,0,2,1,89.69,2
63.29,68.13,0.0,0,1,2,41.17,1
65.82,12.7,1.0,2,3,4,41.98,3
73.59,38.74,1.0,1,1,3,58.42,3
61.38,45.64,1.0,1,1,1,53.57,1
57.96,40.35,1.0,1,4,2,51.7,1
100.0,88.14,1.0,0,1,1,91.94,2
94.23,68.72,1.0,1,1,1,73.06,2
69.49,56.14,1.0,0,3,3,62.41,3
62.56,45.5,1.0,0,2,1,56.44,1
98.27,73.96,1.0,1,1,2,77.47,3
65.44,47.21,1.0,2,3,4,52.56,4
73.99,46.68,1.0,1,1,2,64.94,2
73.66,66.12,1.0,1,2,3,70.01,3
73.77,59.55,1.0,1,1,4,65.44,4
62.22,59.76,1.0,0,2,3,63.5,3
79.13,59.44,1.0,0,1,1,67.06,1
93.93,88.91,1.0,0,2,1,93.27,2
56.4,10.0,1.0,0,5,3,49.48,2
79.1,53.08,1.0,1,1,4,68.06,4
63.17,34.41,1.0,2,2,3,48.71,3
100.0,73.73,1.0,0,1,1,85.09,2
84.13,48.48,1.0,0,1,2,69.23,2
68.51,42.23,1.0,0,2,1,67.08,1
55.96,15.87,0.0,2,5,4,23.65,3
81.2,63.84,1.0,0,1,5,76.11,5
49.22,11.58,0.0,3,3,1,17.49,1
77.84,52.14,1.0,0,1,3,71.11,3
56.12,44.33,0.0,1,2,1,34.36,1
66.98,47.88,1.0,0,2,1,60.02,1
68.34,56.3,1.0,1,2,2,60.25,2
100.0,100.0,1.0,0,1,1,89.11,2
65.77,39.48,1.0,1,2,3,54.22,3
82.87,72.61,1.0,0,2,2,76.7,2
82.14,44.62,1.0,0,2,3,70.71,3
56.58,69.9,1.0,1,3,2,59.48,1
38.32,40.92,1.0,4,6,3,32.81,2
45.4,11.82,1.0,2,4,4,37.55,3
95.99,72.63,1.0,0,1,2,79.76,3
50.91,32.47,0.0,3,3,3,21.47,2
92.85,71.16,1.0,0,1,4,80.37,5
76.41,81.16,1.0,0,2,2,80.86,2
87.02,45.27,1.0,0,1,2,64.78,2
88.68,67.35,1.0,0,1,2,73.96,3
68.09,61.18,1.0,1,3,1,64.57,1
67.26,62.24,1.0,0,2,3,70.96,3
98.48,49.21,1.0,0,1,1,78.02,1
41.91,12.99,1.0,3,3,5,25.9,4
92.93,66.56,1.0,0,1,2,72.35,3
72.49,51.46,1.0,1,3,2,63.05,2
85.84,69.86,1.0,0,1,3,80.56,4
56.28,38.61,1.0,2,3,2,44.59,1
64.13,40.27,1.0,1,3,3,55.28,3
76.54,56.77,1.0,0,1,5,67.64,5
64.68,45.42,0.0,0,1,2,32.54,1
65.73,40.92,1.0,1,2,2,56.5,2
61.26,49.07,1.0,0,1,5,51.75,5
84.41,61.71,1.0,0,1,2,69.09,2
39.1,50.57,0.0,4,1,4,14.59,3
34.29,10.0,0.0,2,3,5,19.69,4
83.82,38.03,1.0,0,1,3,69.36,3
100.0,95.04,1.0,0,1,1,89.04,2
73.7,69.56,1.0,2,2,2,64.25,2
85.26,64.12,1.0,0,3,2,76.32,3
78.35,49.37,1.0,0,1,3,72.15,3
67.24,34.13,1.0,2,3,3,49.14,3
100.0,77.52,1.0,0,3,1,85.54,2
98.85,80.81,1.0,0,1,1,83.72,2
46.1,41.93,1.0,3,3,3,47.12,2
99.15,68.14,1.0,0,1,1,81.33,2
58.7,47.65,1.0,1,2,3,53.42,2
92.94,94.04,1.0,0,1,1,81.89,2
58.62,43.12,1.0,1,5,5,54.3,4
83.86,41.06,1.0,0,2,2,67.88,2
63.6,46.55,1.0,2,2,2,50.66,2
65.63,38.86,0.0,0,3,3,39.83,2
42.55,53.85,0.0,1,3,5,40.46,4
94.27,74.65,1.0,0,1,3,78.19,4
62.08,56.46,1.0,0,3,3,65.2,3
73.43,53.89,1.0,1,1,1,67.19,1
81.27,55.93,1.0,0,1,2,72.18,2
55.06,48.87,1.0,0,4,2,57.9,1
100.0,100.0,1.0,0,1,1,88.01,2
84.09,32.19,1.0,0,3,2,61.67,2
71.85,45.13,1.0,1,1,1,63.73,1
95.76,77.18,1.0,0,1,2,84.39,3
86.63,80.31,1.0,0,3,2,81.2,3
92.32,78.58,1.0,0,1,1,78.06,2
71.68,48.05,1.0,1,2,2,56.51,2
55.05,22.45,0.0,2,3,4,26.24,3
32.08,10.0,0.0,4,2,5,4.91,4
65.75,68.61,1.0,0,2,2,64.72,2
53.92,23.93,1.0,2,2,3,45.08,2
80.64,41.9,1.0,0,4,1,65.16,1
35.44,17.57,0.0,3,4,5,2.97,4
76.57,73.68,1.0,0,1,5,63.97,5
76.25,26.28,1.0,1,2,1,58.43,1
52.73,27.62,1.0,2,4,3,35.74,2
62.61,66.12,1.0,1,3,2,63.6,2
41.07,14.6,0.0,1,4,3,15.86,2
50.69,31.9,0.0,1,2,3,25.91,2
63.14,72.9,1.0,1,1,4,65.6,4
93.2,75.29,1.0,0,2,1,87.3,2
73.07,58.93,1.0,1,2,3,67.03,3
77.89,54.42,1.0,0,1,2,66.7,2
82.49,63.41,1.0,1,1,2,68.26,2
52.2,51.24,0.0,2,2,1,29.05,1
77.69,55.97,1.0,0,1,1,75.77,1
84.12,57.15,1.0,0,1,2,69.26,2
86.68,80.66,1.0,0,2,2,80.54,3
58.94,48.61,0.0,0,3,4,37.74,3
95.42,71.47,1.0,1,1,1,75.72,2
60.59,45.21,1.0,1,4,1,55.93,1
71.24,57.38,1.0,1,4,3,64.95,3
95.77,70.06,1.0,0,1,1,79.09,2
72.41,29.01,1.0,2,5,3,43.46,2
78.05,38.72,1.0,0,1,3,70.5,3
84.21,59.5,1.0,0,1,2,77.89,2
87.25,56.73,1.0,0,1,1,69.93,1
46.67,55.6,1.0,2,2,5,41.11,4
56.28,30.32,0.0,1,6,2,25.44,1
100.0,49.49,1.0,0,1,1,76.56,1
69.13,36.88,1.0,0,1,3,56.05,3
73.35,59.23,1.0,2,2,2,64.56,2
91.15,84.65,1.0,0,2,2,86.61,3
77.93,46.78,1.0,1,1,2,59.04,2
62.02,34.34,0.0,0,1,1,41.28,1
72.93,69.31,1.0,0,2,1,65.66,1
85.43,69.72,1.0,1,2,3,71.37,4
99.27,93.37,1.0,0,1,2,89.04,3
63.32,26.84,1.0,1,3,3,51.76,2
47.97,51.73,0.0,2,2,4,29.5,3
56.35,27.19,1.0,0,3,3,56.42,2
75.18,47.71,1.0,0,1,1,66.89,1
81.38,77.8,1.0,0,1,1,75.51,1
44.29,31.74,0.0,3,4,3,14.93,2
54.53,59.35,1.0,3,1,3,49.67,2
67.4,55.3,1.0,2,2,2,60.68,2
19.0,22.97,0.0,1,5,5,9.71,4
88.56,57.74,1.0,0,1,1,82.95,1
82.9,46.94,1.0,0,1,2,66.57,2
71.9,77.9,1.0,0,2,2,74.6,2
47.7,36.7,0.0,2,8,5,13.8,4
81.12,45.48,1.0,0,1,2,69.31,2
76.37,37.29,1.0,1,1,1,56.92,1
88.27,70.61,1.0,0,3,2,82.96,3
62.32,14.28,1.0,1,1,3,50.16,2
62.2,26.15,1.0,0,3,3,54.09,2
70.45,44.11,1.0,2,2,3,55.22,3
73.15,61.66,1.0,2,2,3,58.4,3
60.02,52.37,1.0,0,1,3,53.58,3
67.17,34.52,1.0,1,1,5,63.68,5
53.04,41.66,1.0,1,2,5,46.79,4
62.6,39.01,1.0,1,3,3,54.93,3
49.72,43.09,1.0,1,2,4,47.24,3
81.8,61.61,1.0,0,1,2,71.64,2
55.51,26.12,1.0,0,3,3,58.05,2
49.87,45.39,0.0,4,1,4,26.56,3
81.32,81.87,1.0,0,2,1,74.02,1
66.43,29.32,0.0,2,3,2,38.2,1
57.06,42.26,1.0,2,3,2,46.12,1
100.0,63.19,1.0,0,1,1,78.72,2
63.97,84.6,1.0,1,2,4,65.81,4
68.73,15.16,0.0,0,5,4,34.08,3
68.55,51.11,1.0,1,2,1,61.66,1
74.62,65.47,1.0,1,1,2,62.61,2
80.64,61.14,1.0,0,2,2,73.88,2
64.77,59.31,0.0,0,1,1,47.27,1
46.03,24.54,0.0,2,3,3,19.29,2
61.19,52.27,1.0,1,4,5,51.4,5
100.0,73.55,1.0,0,1,1,72.11,2
84.23,67.22,1.0,0,2,1,78.67,1
64.21,44.85,1.0,2,2,4,57.75,4
73.73,45.08,0.0,1,4,2,37.11,1
70.23,33.59,1.0,1,6,3,56.32,3
47.33,54.61,1.0,3,2,4,45.46,3
82.38,62.97,1.0,0,2,1,68.24,1
40.45,18.35,1.0,3,4,2,34.22,1
54.97,54.77,1.0,4,2,1,41.81,1
63.01,46.38,0.0,1,3,3,35.36,2
63.09,62.26,1.0,2,2,2,56.68,2
40.34,57.31,0.0,1,2,4,23.46,3
75.87,61.68,1.0,0,2,2,67.05,2
77.63,63.21,1.0,1,3,1,60.62,1
79.68,60.44,1.0,0,2,3,74.15,3
76.86,38.05,1.0,0,3,3,63.61,3
52.43,52.2,0.0,4,1,5,22.54,4
77.69,72.26,1.0,0,1,3,73.22,3
65.16,45.76,1.0,0,2,4,60.38,4
64.06,57.86,1.0,1,5,1,61.99,1
84.59,62.29,1.0,1,3,2,69.12,2
74.72,53.22,1.0,2,1,3,59.0,3
49.64,24.86,0.0,2,2,1,22.35,1
62.7,46.76,1.0,1,1,3,53.3,3
70.55,40.74,1.0,1,2,2,56.96,2
58.6,30.96,1.0,0,3,4,54.28,3
100.0,58.13,1.0,0,1,2,80.3,2
46.91,47.02,0.0,3,2,5,19.89,4
81.51,60.12,1.0,1,1,3,65.66,3
80.54,47.32,1.0,0,1,1,62.97,1
74.78,80.37,1.0,1,3,3,69.73,3
69.6,53.13,1.0,2,1,2,56.09,2
88.8,51.98,1.0,1,1,3,71.54,3
68.99,44.41,1.0,0,2,4,63.61,4
73.51,65.96,1.0,1,2,1,51.09,1
82.52,62.38,1.0,0,2,4,73.69,4
47.69,36.5,1.0,4,3,4,31.31,3
63.38,45.51,1.0,0,1,1,64.84,1
84.07,60.72,1.0,0,2,3,74.63,3
69.44,55.14,1.0,1,1,1,61.57,1
74.05,46.67,1.0,1,4,3,63.2,3
50.69,55.14,1.0,2,3,3,62.56,2
88.22,62.31,1.0,1,1,1,74.1,2
68.5,31.51,1.0,1,3,1,52.02,1
92.7,51.54,1.0,1,1,1,73.33,1
86.5,57.39,1.0,0,1,1,74.55,1
58.41,43.59,1.0,1,2,3,54.06,2
71.75,51.47,1.0,0,2,2,65.71,2
51.68,33.58,0.0,1,1,2,22.48,1
92.64,73.19,1.0,0,1,1,79.83,2
64.99,17.09,1.0,2,5,2,48.59,1
68.7,52.6,1.0,0,1,1,67.32,1
31.76,20.12,0.0,3,3,5,6.27,4
49.82,41.51,0.0,2,2,4,28.11,3
67.26,49.5,1.0,0,7,2,69.76,2
48.81,18.91,1.0,1,1,3,38.77,2
89.82,80.98,1.0,0,1,2,80.26,3
70.04,41.45,1.0,0,1,1,65.45,1
36.83,10.0,1.0,3,2,5,35.44,4
98.82,100.0,1.0,1,2,2,77.78,3
100.0,90.59,1.0,0,1,1,89.68,2
62.57,45.46,0.0,2,1,2,30.49,1
86.93,66.97,1.0,0,1,3,75.85,4
82.72,54.19,1.0,1,2,2,64.63,2
84.79,62.27,1.0,0,5,3,72.34,3
60.32,36.18,1.0,2,2,2,50.66,2
52.49,38.88,0.0,3,2,3,24.86,2
76.21,52.72,1.0,0,2,2,69.22,2
69.33,61.6,1.0,2,3,2,59.38,2
87.88,66.57,1.0,0,1,2,78.68,3
59.1,49.99,1.0,2,2,3,52.43,2
94.01,53.64,1.0,1,1,1,76.82,1
65.56,36.81,1.0,1,3,3,59.46,3
94.53,74.79,1.0,0,1,2,81.77,3
85.38,61.9,1.0,1,2,2,71.07,3
40.21,31.43,0.0,3,3,3,21.12,2
50.09,18.14,1.0,2,3,2,39.46,1
57.93,50.3,0.0,0,3,4,41.82,3
83.49,65.78,1.0,0,1,2,66.35,2
93.41,100.0,1.0,0,1,1,88.85,2
81.75,47.17,1.0,0,1,2,65.35,2
59.6,29.34,1.0,1,4,2,49.28,1
27.26,10.97,0.0,1,3,4,10.21,3
85.37,59.02,0.0,0,1,1,49.72,1
40.93,26.25,1.0,4,4,5,22.35,4
71.2,38.25,0.0,1,2,2,38.14,1
78.22,69.06,1.0,0,3,5,74.32,5
84.81,79.41,1.0,1,2,2,79.86,2
90.32,71.35,1.0,0,1,1,75.89,2
90.55,45.64,1.0,0,1,1,79.55,1
89.36,57.95,1.0,0,2,1,77.77,1
60.24,43.35,1.0,0,5,2,61.25,2
59.54,49.02,1.0,1,3,3,52.65,2
96.0,71.6,1.0,0,1,1,84.61,2
76.56,58.53,1.0,0,2,1,69.06,1
100.0,81.28,1.0,0,1,1,88.66,2
81.14,50.82,1.0,0,4,1,71.37,1
72.92,36.84,1.0,1,2,2,55.7,2
90.27,79.53,1.0,0,1,1,73.76,2
85.9,47.11,1.0,1,1,1,77.93,1
47.91,25.54,0.0,2,5,4,12.39,3
100.0,63.15,1.0,1,2,2,76.52,3
54.81,51.89,1.0,1,4,3,51.06,2
43.7,10.0,0.0,2,1,5,9.72,4
77.61,47.95,1.0,0,1,1,69.54,1
78.36,56.82,0.0,0,1,3,43.32,2
69.88,45.9,1.0,0,2,2,61.5,2
73.8,61.93,1.0,0,2,1,61.49,1
100.0,29.76,1.0,0,1,1,71.84,1
100.0,69.22,1.0,0,1,2,88.17,3
84.26,62.0,1.0,0,2,2,75.71,2
86.75,47.2,1.0,0,1,1,69.26,1
45.37,18.81,1.0,3,4,3,26.63,2
67.95,43.22,1.0,1,1,5,47.73,5
100.0,67.38,1.0,0,1,3,81.34,4
66.35,59.34,1.0,0,4,2,66.41,2
61.94,41.96,1.0,1,2,2,59.55,2
52.02,10.0,0.0,4,3,5,11.64,4
81.0,78.36,1.0,0,4,2,74.52,2
65.54,41.37,0.0,2,5,2,30.39,1
59.89,27.41,1.0,0,6,1,54.73,1
67.16,54.18,1.0,1,2,5,51.34,5
52.08,29.87,1.0,2,1,2,42.05,1
67.51,50.74,1.0,2,4,5,50.39,5
77.91,55.73,1.0,0,2,1,66.94,1
55.46,44.34,0.0,1,1,1,33.63,1
56.75,33.36,1.0,2,3,3,49.69,2
65.68,52.32,1.0,2,3,3,55.09,3
98.01,80.73,1.0,0,1,1,80.4,2
87.72,61.68,1.0,0,1,1,79.97,2
72.87,76.79,1.0,0,4,2,74.11,2
59.07,42.98,1.0,0,3,2,58.49,1
74.4,73.97,1.0,2,1,3,64.56,3
74.66,57.41,1.0,0,1,1,71.9,1
72.82,78.45,1.0,1,3,4,70.12,4
58.16,27.74,1.0,1,4,2,51.45,1
50.01,28.41,0.0,3,4,3,12.45,2
79.74,41.95,1.0,0,1,2,68.86,2
81.08,46.82,1.0,0,2,1,74.09,1
76.97,49.33,1.0,0,1,4,66.38,4
91.79,78.18,1.0,0,1,2,78.94,3
65.82,51.61,1.0,2,2,4,56.39,4
75.53,57.47,1.0,0,3,3,67.31,3
80.96,49.34,1.0,0,1,2,76.49,2
100.0,57.4,1.0,0,1,2,82.79,2
77.16,58.88,1.0,0,4,3,65.43,3
61.25,42.95,1.0,0,2,5,65.32,5
78.19,57.48,1.0,0,2,2,71.65,2
68.96,32.88,1.0,0,1,2,58.55,2
74.45,61.1,1.0,1,3,3,59.55,3
64.75,33.95,1.0,0,2,2,52.19,2
69.41,33.78,1.0,2,4,5,48.45,5
70.48,62.98,0.0,1,1,1,44.49,1
84.0,88.98,1.0,0,2,1,84.96,1
76.33,43.91,1.0,0,3,1,65.16,1
64.51,45.25,1.0,1,3,1,60.62,1
76.48,46.12,1.0,0,4,4,73.38,4
57.36,19.38,0.0,2,3,4,18.67,3
78.48,76.49,1.0,0,1,2,72.92,2
68.5,46.5,1.0,2,4,2,56.9,2
71.57,13.43,1.0,2,4,1,45.9,1
82.71,69.53,1.0,0,3,2,77.57,2
85.65,61.38,1.0,0,1,2,79.32,3
81.88,74.94,1.0,0,2,3,70.38,3
99.21,62.8,1.0,1,1,1,73.07,2
99.4,69.5,1.0,1,1,1,88.01,2
75.11,78.51,1.0,0,2,2,79.3,2
68.05,58.99,0.0,2,2,4,35.36,3
93.54,51.87,1.0,0,1,1,74.01,1
70.94,78.32,1.0,0,2,2,70.88,2
73.37,41.88,1.0,1,2,2,58.38,2
82.09,73.49,1.0,0,1,3,73.11,3
63.99,38.27,0.0,0,2,2,41.49,1
61.73,54.85,1.0,1,4,2,56.35,2
83.05,47.85,1.0,0,2,2,76.01,2
69.5,45.49,1.0,1,3,3,51.9,3
45.63,47.13,0.0,2,3,2,28.65,1
64.13,34.61,1.0,0,1,1,60.18,1
77.81,67.76,1.0,0,2,2,77.93,2
62.55,32.98,0.0,0,3,2,35.67,1
70.05,64.25,1.0,1,1,1,62.5,1
83.6,47.42,1.0,0,2,2,73.11,2
75.14,55.45,1.0,0,1,5,69.6,5
65.94,11.73,1.0,1,1,2,46.54,1
69.89,64.21,1.0,0,4,1,74.02,1
67.34,50.57,0.0,2,3,3,35.59,2
47.75,52.02,1.0,2,1,3,43.09,2
61.78,57.5,1.0,0,5,3,64.0,3
80.19,86.59,1.0,0,1,3,74.25,3
100.0,94.37,1.0,0,1,1,96.2,2
69.39,43.79,0.0,1,3,2,37.5,1
65.66,27.39,1.0,2,2,3,45.68,2
100.0,80.4,1.0,0,1,4,89.66,5
81.34,61.85,1.0,0,2,2,71.96,2
96.92,66.24,1.0,0,1,1,71.04,2
48.57,57.07,0.0,3,2,1,24.11,1
65.25,35.38,1.0,2,3,5,51.32,5
68.39,45.81,1.0,0,2,2,61.3,2
95.34,53.22,1.0,0,1,3,74.08,3
62.68,48.31,1.0,0,5,2,67.1,2
67.06,32.53,1.0,0,2,2,61.14,2
48.77,26.03,1.0,3,4,2,37.8,1
51.6,34.61,0.0,3,3,5,14.89,4
67.62,49.49,1.0,0,2,4,63.09,4
79.59,68.92,1.0,0,1,1,71.45,1
59.69,48.52,1.0,1,2,5,55.0,4
68.2,37.06,1.0,1,5,2,53.19,2
54.85,52.05,1.0,3,2,1,49.44,1
55.63,23.61,0.0,0,4,3,27.47,2
74.42,39.34,1.0,2,2,1,46.83,1
100.0,70.69,1.0,0,2,1,78.22,2
56.22,38.53,0.0,0,5,3,37.77,2
60.55,39.81,1.0,2,3,2,52.03,2
73.64,36.65,1.0,0,2,2,61.49,2
89.4,81.3,0.0,1,1,4,50.13,3
44.75,10.0,1.0,3,2,5,26.74,4
57.25,16.26,1.0,1,1,4,46.55,3
54.28,10.0,0.0,3,2,5,20.27,4
100.0,73.26,1.0,0,1,2,83.75,3
53.99,30.83,1.0,3,3,5,35.58,4
52.28,52.87,1.0,1,3,5,51.36,4
53.89,54.55,1.0,3,6,4,45.95,3
100.0,100.0,1.0,0,2,1,93.85,2
87.72,64.51,1.0,0,1,1,79.3,2
97.94,68.6,1.0,0,1,3,78.06,4
72.16,66.03,1.0,2,1,4,64.41,4
100.0,62.9,1.0,1,1,1,78.18,2
60.68,61.53,1.0,1,4,5,54.91,5
36.66,18.23,0.0,4,4,4,1.54,3
87.05,91.08,1.0,0,1,4,81.66,5
76.02,52.37,1.0,0,2,2,59.7,2
74.9,48.62,1.0,0,1,1,72.55,1
100.0,88.79,1.0,0,2,2,83.4,3
61.13,20.44,0.0,0,1,2,37.06,1
64.35,62.17,1.0,1,6,2,57.62,2
50.74,11.28,1.0,3,5,3,43.47,2
53.87,61.3,1.0,2,3,2,58.83,1
74.15,62.69,1.0,1,1,2,62.29,2
42.87,53.37,0.0,1,2,5,26.97,4
53.03,58.46,1.0,2,2,4,54.64,3
100.0,65.19,1.0,0,1,1,76.36,2
96.25,87.49,1.0,0,1,1,79.44,2
72.7,65.14,1.0,1,2,3,62.56,3
98.98,58.44,1.0,0,1,2,80.67,2
100.0,74.08,1.0,1,1,1,85.9,2
73.31,37.82,1.0,1,3,3,61.27,3
82.69,66.08,1.0,0,1,1,69.83,1
67.37,38.03,1.0,2,2,4,52.63,4
40.61,28.67,1.0,2,2,3,36.45,2
76.19,46.44,1.0,0,1,2,57.08,2
76.23,65.16,1.0,0,1,4,71.67,4
61.72,36.51,1.0,1,3,3,51.34,3
68.18,50.36,1.0,0,3,3,65.06,3
88.77,52.01,1.0,0,1,1,71.28,1
77.95,62.89,1.0,1,1,3,57.97,3
84.21,46.49,1.0,0,1,1,70.49,1
80.98,58.98,1.0,0,3,2,75.0,2
71.73,81.47,1.0,1,2,2,72.82,2
86.39,85.68,1.0,1,2,1,77.63,2
60.06,51.74,1.0,0,2,1,57.87,1
91.47,77.99,1.0,0,1,2,82.8,3
96.7,90.58,1.0,0,1,1,88.64,2
63.75,52.49,1.0,1,5,2,57.42,2
82.16,95.08,1.0,0,1,1,80.8,1
71.7,86.54,1.0,1,5,2,75.17,2
55.58,32.18,1.0,2,3,3,51.17,2
46.49,45.6,0.0,2,3,2,25.38,1
100.0,95.05,1.0,1,1,1,81.55,2
62.0,23.93,1.0,0,2,3,57.88,2
73.47,56.85,1.0,2,3,3,55.18,3
62.92,38.28,1.0,2,3,1,50.35,1
100.0,78.19,1.0,0,1,1,78.82,2
67.05,66.93,1.0,1,2,2,62.25,2
93.13,60.59,1.0,0,1,2,74.7,3
51.73,24.92,0.0,3,1,2,21.29,1
55.69,61.09,1.0,1,3,4,59.52,3
58.73,35.68,1.0,0,4,4,61.88,3
56.75,55.72,0.0,1,1,2,36.71,1
64.95,60.92,0.0,1,2,3,44.03,2
38.6,19.52,0.0,3,3,5,13.18,4
45.08,31.09,1.0,1,2,4,53.99,3
77.7,64.62,1.0,0,2,1,68.16,1
76.81,68.69,1.0,0,2,1,71.14,1
71.03,50.45,1.0,1,2,4,65.85,4
50.7,27.01,0.0,2,2,2,18.49,1
100.0,71.48,1.0,0,1,2,76.95,3
78.19,61.52,1.0,1,2,3,59.57,3
94.54,52.0,1.0,0,1,3,76.87,3
78.37,53.84,1.0,0,2,3,69.46,3
87.59,79.07,1.0,0,1,2,80.85,3
71.59,52.94,1.0,1,1,1,59.97,1
68.65,53.96,1.0,0,1,4,68.02,4
70.1,22.94,0.0,2,1,1,29.22,1
47.74,44.44,1.0,3,1,5,46.01,4
71.01,33.67,1.0,0,4,2,58.55,2
99.89,93.51,1.0,1,1,2,92.09,3
90.11,59.47,1.0,1,1,2,67.25,2
78.16,45.71,1.0,1,3,2,56.75,2
61.86,47.66,0.0,0,4,4,42.94,3
43.68,10.0,0.0,3,2,4,8.54,3
48.52,58.43,0.0,1,6,3,33.44,2
66.32,28.95,1.0,0,3,2,50.82,1
100.0,74.77,1.0,0,1,1,78.99,2
87.19,72.68,1.0,0,4,1,67.87,2
84.04,48.35,0.0,0,1,2,48.67,1
89.07,73.8,1.0,0,2,1,85.24,2
58.05,37.31,0.0,1,3,3,31.61,2
61.34,34.5,1.0,1,2,2,47.67,2
58.99,28.43,1.0,1,2,3,44.94,2
51.6,20.31,1.0,2,3,2,34.53,1
72.85,39.35,1.0,0,1,3,63.3,3
72.88,63.45,1.0,1,2,3,71.79,3
54.33,27.25,1.0,1,4,5,47.36,4
73.46,58.48,1.0,2,2,2,54.97,2
98.74,68.34,1.0,0,3,2,82.62,3
51.39,26.68,0.0,3,2,3,22.25,2
90.31,67.96,1.0,0,1,2,75.34,3
69.54,35.38,1.0,1,1,3,55.37,3
64.72,45.62,1.0,1,2,3,60.24,3
63.67,27.9,1.0,2,1,3,47.54,2
60.48,34.13,1.0,1,5,4,54.72,4
90.75,61.85,1.0,0,3,1,73.25,2
74.41,58.33,0.0,2,3,3,34.43,2
68.6,76.26,1.0,2,3,1,67.88,1
65.97,11.8,1.0,1,4,3,44.6,2
65.12,54.32,1.0,1,6,3,63.75,3
79.53,70.25,1.0,0,2,1,78.88,1
74.92,46.27,1.0,1,2,2,57.59,2
70.36,34.62,1.0,1,4,3,56.64,3
63.14,43.28,0.0,1,1,3,28.97,2
79.64,39.3,1.0,0,3,2,75.01,2
54.2,37.61,1.0,4,2,3,39.33,2
77.25,51.35,1.0,0,1,2,71.03,2
76.45,96.24,1.0,0,2,3,69.75,3
91.33,80.92,1.0,0,2,4,84.38,5
58.78,45.65,1.0,0,3,3,54.94,2
60.65,36.41,1.0,2,2,4,48.74,4
50.53,21.9,1.0,2,2,4,35.26,3
36.85,20.72,0.0,2,4,4,12.45,3
79.27,61.9,1.0,0,1,3,82.04,3
58.67,21.63,1.0,0,2,2,50.63,1
100.0,63.55,1.0,0,2,1,80.35,2
84.58,46.42,1.0,1,2,2,58.71,2
66.94,58.29,1.0,0,2,1,59.97,1
96.48,64.22,1.0,0,1,1,76.92,2
62.0,49.86,0.0,0,4,2,41.75,1
64.67,64.66,1.0,0,2,3,62.56,3
57.77,49.25,0.0,1,1,2,35.46,1
61.92,58.36,1.0,1,3,4,61.24,4
48.63,29.72,1.0,3,2,5,38.6,4
79.24,57.14,1.0,0,1,3,77.23,3
89.43,68.59,1.0,0,1,1,78.07,2
54.26,10.0,0.0,2,6,5,24.74,4
92.76,65.73,1.0,0,2,1,75.54,2
87.34,52.64,1.0,0,3,3,67.68,3
59.0,42.61,1.0,0,3,3,63.94,2
100.0,70.43,1.0,1,2,3,88.3,4
78.72,39.7,1.0,0,1,2,56.23,2
58.61,32.72,0.0,2,3,1,27.58,1
71.71,75.27,1.0,1,1,2,71.66,2
52.7,34.35,0.0,4,2,4,19.64,3
43.02,22.75,0.0,2,2,1,14.8,1
52.08,13.01,1.0,4,1,1,25.66,1
41.54,22.96,1.0,2,3,5,33.98,4
100.0,86.32,1.0,1,1,1,82.99,2
61.86,44.3,1.0,0,1,3,61.03,3
86.37,51.67,1.0,0,1,3,64.14,3
90.5,66.88,1.0,0,2,1,81.25,2
82.33,59.81,1.0,1,2,1,61.39,1
81.29,57.25,1.0,0,1,2,72.6,2
51.89,44.85,0.0,4,4,5,26.42,4
67.56,29.48,1.0,0,5,2,64.21,1
52.64,30.8,1.0,3,5,4,41.66,3
86.31,82.21,1.0,0,1,1,73.35,2
43.68,39.11,1.0,3,3,2,37.21,1
62.68,49.03,1.0,1,3,1,56.89,1
73.57,67.47,1.0,1,2,3,68.72,3
44.36,42.33,0.0,4,4,4,15.77,3
88.71,61.17,1.0,0,1,2,78.22,3
87.86,60.72,1.0,0,1,2,77.21,3
74.98,82.65,1.0,0,1,1,76.51,1
67.19,89.54,1.0,1,3,3,70.57,3
77.12,38.1,1.0,0,4,2,64.01,2
83.22,53.64,1.0,0,1,3,65.06,3
78.04,65.62,1.0,0,2,2,67.83,2
76.92,43.46,1.0,0,5,1,70.03,1
71.1,37.49,1.0,1,1,2,55.95,2
89.11,49.5,1.0,1,2,1,65.65,1
71.66,54.6,1.0,1,3,1,61.78,1
68.89,42.06,1.0,1,2,3,61.22,3
93.67,61.83,1.0,1,1,2,76.52,3
71.97,63.11,1.0,2,1,1,61.28,1
58.32,48.06,1.0,2,3,5,48.67,4
61.55,48.95,0.0,2,1,2,25.98,1
66.41,46.57,1.0,1,2,1,54.31,1
69.43,38.59,1.0,1,1,3,54.87,3
76.92,64.15,1.0,0,3,2,68.87,2
79.12,51.95,1.0,0,1,3,67.8,3
86.26,78.14,1.0,1,3,3,77.39,4
81.14,40.85,1.0,1,1,1,54.11,1
66.42,60.65,1.0,0,1,4,63.79,4
64.45,58.01,0.0,1,4,2,34.15,1
72.04,42.9,1.0,2,3,2,58.79,2
52.84,41.12,1.0,1,1,2,47.48,1
96.32,67.83,1.0,1,1,2,75.93,3
89.35,80.21,1.0,0,2,3,81.72,4
68.87,51.61,1.0,2,5,2,51.68,2
44.2,58.02,1.0,2,5,4,48.29,3
90.19,43.26,1.0,0,1,1,67.58,1
84.09,62.12,1.0,0,2,3,69.2,3
65.7,64.84,1.0,2,4,3,62.31,3
84.5,64.95,1.0,0,1,3,70.88,3
59.17,43.77,0.0,0,5,3,38.44,2
83.38,89.24,1.0,1,2,2,72.53,2
61.45,37.45,1.0,1,4,3,45.65,3
65.69,40.62,1.0,0,2,4,60.62,4
75.72,45.92,1.0,0,2,3,67.87,3
43.44,12.77,1.0,1,2,3,38.22,2
70.71,59.44,1.0,1,3,5,67.34,5
66.37,51.67,1.0,2,2,3,57.92,3
81.42,49.74,1.0,0,2,1,66.6,1
73.2,41.65,1.0,0,1,1,66.54,1
71.75,53.32,1.0,2,3,2,56.8,2
55.81,37.59,1.0,1,2,3,56.21,2
57.91,56.03,1.0,0,1,2,63.94,1
71.02,41.96,1.0,1,2,1,57.83,1
72.72,29.2,1.0,1,3,4,57.8,3
100.0,78.11,1.0,0,1,1,80.75,2
100.0,100.0,1.0,0,1,1,84.16,2
83.79,63.71,1.0,0,1,1,71.5,1
85.11,70.94,1.0,0,2,3,78.08,4
86.6,90.49,1.0,0,2,2,82.0,3
99.41,60.05,1.0,0,1,1,71.02,2
93.95,87.47,1.0,0,1,1,86.3,2
100.0,98.98,1.0,0,1,1,95.16,2
74.76,66.28,1.0,0,1,1,71.28,1
87.29,65.32,1.0,1,1,1,70.16,2
86.9,69.51,1.0,0,3,2,80.66,3
54.13,30.68,1.0,2,2,2,45.85,1
58.17,60.28,0.0,1,2,5,39.95,4
65.15,48.13,1.0,0,2,3,64.25,3
87.98,64.9,1.0,0,1,3,74.65,4
76.75,58.29,1.0,0,1,4,66.17,4
95.47,66.15,1.0,1,1,2,72.8,3
62.3,36.19,1.0,0,2,3,60.79,3
46.78,20.55,1.0,3,3,2,43.15,1
75.76,37.63,1.0,0,2,1,64.93,1
82.38,54.65,1.0,0,4,2,75.17,2
76.74,48.96,1.0,1,1,2,66.38,2
80.58,49.23,1.0,0,1,1,67.94,1
96.82,65.47,1.0,0,1,1,80.01,2
84.1,80.14,1.0,0,2,1,87.15,1
48.72,36.61,1.0,4,3,4,34.89,3
76.09,59.74,1.0,0,3,5,68.11,5
40.38,29.05,0.0,1,2,5,22.08,4
74.74,29.29,1.0,1,1,5,58.86,4
61.79,51.12,1.0,1,3,3,60.75,3
87.1,80.05,1.0,0,3,2,91.2,3
62.62,52.54,1.0,1,2,1,50.3,1
67.9,36.87,0.0,0,2,1,40.02,1
74.95,45.44,1.0,1,4,2,61.75,2
85.41,69.1,1.0,0,3,1,72.73,2
50.79,48.37,1.0,3,3,2,37.95,1
67.73,28.22,1.0,2,6,3,51.11,2
57.16,54.97,0.0,2,1,3,30.0,2
71.91,52.1,1.0,0,2,2,69.16,2
75.86,56.18,1.0,1,4,1,64.44,1
73.16,37.17,1.0,2,1,2,59.0,2
65.58,30.61,1.0,0,4,3,62.95,3
76.39,47.44,1.0,0,2,2,63.02,2
31.21,10.0,0.0,3,6,5,1.22,4
84.16,83.55,1.0,0,2,3,78.27,3
66.3,31.92,1.0,0,1,1,56.04,1
61.21,45.01,1.0,2,2,2,51.56,2
100.0,71.43,1.0,0,2,1,79.76,2
52.44,42.96,1.0,4,6,4,41.61,3
36.05,24.13,0.0,3,3,4,8.17,3
55.37,28.67,1.0,2,3,5,46.69,4
79.57,67.08,1.0,0,1,2,72.27,2
56.29,60.24,1.0,1,4,3,52.1,2
59.29,71.42,1.0,0,2,3,65.08,2
54.92,47.87,1.0,3,2,2,44.66,1
59.22,47.13,1.0,1,5,3,54.12,2
90.08,100.0,1.0,0,1,1,82.55,2
77.12,52.54,1.0,0,1,2,69.37,2
71.35,47.77,1.0,0,2,2,65.33,2
100.0,53.38,1.0,0,1,2,80.84,2
78.44,55.71,1.0,0,2,2,73.86,2
37.21,10.0,0.0,1,5,3,7.93,2
69.42,54.73,1.0,0,4,2,64.11,2
75.53,59.69,1.0,1,1,3,63.53,3
35.82,32.11,0.0,3,4,5,13.05,4
73.9,51.71,1.0,1,2,1,60.92,1
84.0,53.16,1.0,0,4,2,65.0,2
37.98,10.0,1.0,1,1,4,32.7,3
66.32,39.46,0.0,1,1,4,37.29,3
80.11,53.02,1.0,0,2,1,68.65,1
96.16,82.08,1.0,0,1,1,82.66,2
75.46,76.43,1.0,0,3,3,68.98,3
54.04,15.28,1.0,1,3,4,43.47,3
84.49,70.99,1.0,0,1,1,74.54,1
62.29,38.41,1.0,0,2,2,64.11,2
95.06,60.16,1.0,0,1,2,73.75,3
73.97,60.26,1.0,2,2,3,64.86,3
73.47,32.94,1.0,2,3,2,56.4,2
60.42,22.51,1.0,2,2,4,40.44,3
83.49,54.35,1.0,0,2,1,68.84,1
54.72,28.03,1.0,2,5,3,42.99,2
95.27,83.9,1.0,0,2,2,89.79,3
46.13,10.97,0.0,2,3,4,20.87,3
100.0,78.02,1.0,1,1,2,80.64,3
70.2,73.07,1.0,1,3,1,76.54,1
61.79,70.15,1.0,1,2,2,68.57,2
83.56,39.6,1.0,0,2,2,64.39,2
73.93,31.04,1.0,0,3,2,67.11,2
100.0,86.06,1.0,0,1,1,87.61,2
100.0,54.89,1.0,0,1,2,80.41,2
63.56,41.01,1.0,0,2,1,63.14,1
31.48,10.0,0.0,2,4,5,12.22,4
94.97,58.47,1.0,0,1,2,72.82,2
59.32,25.25,1.0,1,3,2,44.47,1
61.15,30.0,1.0,0,3,4,63.67,3
66.67,51.01,1.0,0,2,3,60.18,3
56.38,31.38,1.0,0,3,4,53.4,3
75.1,44.9,1.0,0,3,1,65.91,1
28.55,10.0,0.0,2,2,5,5.51,4
66.67,36.07,1.0,0,5,2,59.3,2
55.32,42.94,0.0,0,2,3,38.42,2
70.69,62.71,1.0,0,3,3,66.44,3
81.93,38.56,1.0,0,1,1,69.08,1
80.98,47.56,1.0,0,2,3,69.37,3
77.87,68.81,1.0,0,2,3,77.65,3
61.61,52.43,1.0,0,4,2,61.16,2
62.68,46.91,1.0,2,1,3,52.02,3
58.33,66.54,1.0,1,4,3,64.74,2
95.96,83.11,1.0,0,1,1,80.33,2
62.65,59.53,1.0,2,5,3,53.54,3
97.38,84.9,1.0,1,1,2,83.75,3
81.85,41.03,0.0,0,3,2,44.25,1
73.73,62.8,1.0,0,3,3,65.81,3
62.28,23.0,1.0,0,4,5,54.75,4
92.78,48.6,1.0,1,2,1,71.38,1
83.7,59.29,1.0,0,1,2,68.67,2
66.34,39.46,0.0,1,3,1,30.76,1
38.92,14.99,0.0,3,6,2,3.83,1
73.5,40.43,0.0,0,2,4,44.15,3
86.14,67.86,1.0,0,1,2,75.63,3
61.47,45.04,1.0,1,1,3,50.38,3
66.06,67.35,1.0,1,2,2,68.19,2
40.88,29.27,0.0,3,4,3,15.43,2
80.47,60.07,1.0,0,2,3,71.08,3
90.07,31.46,1.0,0,1,2,66.31,2
80.77,36.79,1.0,0,4,1,71.45,1
48.87,44.85,0.0,3,3,3,18.57,2
85.9,75.37,1.0,0,1,3,74.47,4
49.57,28.36,1.0,3,2,5,38.54,4
46.12,33.99,0.0,3,3,5,26.84,4
82.28,63.06,1.0,0,1,1,71.29,1
71.88,32.83,1.0,1,1,3,58.25,3
65.71,78.93,1.0,2,6,4,64.15,4
59.8,37.99,0.0,2,5,2,27.84,1
73.31,77.59,1.0,1,3,3,69.05,3
65.11,50.06,1.0,0,3,5,67.08,5
51.09,10.66,1.0,2,2,3,38.7,2
76.82,46.92,1.0,0,2,2,65.52,2
80.71,77.2,1.0,0,3,1,74.39,1
51.89,31.62,1.0,3,5,2,46.0,1
75.78,64.67,1.0,1,1,4,71.72,4
83.5,61.7,1.0,0,1,2,75.45,2
76.19,46.91,0.0,0,2,1,48.85,1
72.37,56.11,1.0,1,1,4,66.77,4
64.47,47.37,1.0,2,3,1,52.77,1
55.43,51.71,1.0,1,1,5,53.38,4
99.18,92.58,1.0,0,1,1,85.21,2
73.0,80.57,1.0,0,1,3,69.01,3
58.46,23.14,1.0,1,5,3,48.06,2
66.26,42.14,1.0,1,3,3,55.36,3
50.5,42.84,1.0,3,2,4,40.51,3
72.55,53.65,1.0,0,3,3,67.02,3
69.04,96.13,1.0,2,2,2,61.31,2
82.94,46.75,1.0,0,2,2,72.53,2
80.43,50.88,1.0,0,2,1,68.46,1
65.88,50.59,1.0,0,2,1,61.7,1
96.95,70.42,1.0,0,2,1,78.2,2
74.84,39.78,1.0,1,2,1,57.4,1
39.18,27.09,0.0,3,5,5,8.48,4
58.43,42.75,1.0,1,4,2,55.87,1
50.83,22.64,1.0,4,4,5,28.57,4
73.38,63.26,1.0,2,1,2,57.31,2
85.93,77.52,1.0,0,2,3,75.87,4
66.51,36.18,1.0,2,2,1,50.81,1
57.78,59.57,1.0,1,3,2,56.29,1
70.15,54.4,1.0,2,2,2,53.11,2
83.15,75.63,1.0,0,3,1,82.6,1
57.93,50.42,1.0,0,1,2,62.79,1
41.03,25.15,0.0,4,3,4,2.3,3
37.09,20.99,0.0,2,6,5,13.35,4
37.27,22.84,1.0,2,3,2,39.55,1
76.57,60.58,1.0,0,4,3,74.11,3
82.1,65.86,1.0,0,3,2,70.96,2
39.78,11.94,0.0,2,4,2,11.76,1
45.71,43.06,0.0,3,2,5,19.82,4
79.56,49.07,1.0,0,1,3,64.83,3
100.0,76.73,1.0,0,1,2,81.11,3
59.89,67.41,1.0,0,3,3,65.8,2
65.36,43.81,1.0,0,2,5,58.19,5
60.97,57.63,1.0,0,1,3,59.05,3
75.37,45.75,1.0,0,2,5,66.94,5
81.67,59.6,0.0,0,2,3,53.12,2
65.83,79.53,1.0,1,3,3,65.02,3
64.51,70.42,1.0,1,2,1,63.34,1
79.88,72.07,1.0,0,1,2,75.52,2
89.01,70.92,1.0,1,1,1,73.31,2
43.67,10.0,0.0,4,3,4,5.43,3
78.01,80.06,1.0,0,1,3,71.2,3
70.54,10.0,1.0,0,3,2,58.54,1
62.6,15.02,0.0,0,1,4,32.69,3
80.76,64.16,1.0,0,3,2,72.94,2
68.18,46.54,1.0,1,2,1,57.84,1
95.94,84.99,1.0,0,1,1,84.74,2
42.01,10.0,0.0,1,4,3,8.94,2
65.43,36.55,1.0,2,4,5,44.75,5
54.72,44.63,1.0,2,3,1,56.47,1
36.85,56.83,1.0,3,5,5,36.93,4
85.43,50.24,1.0,1,3,1,61.9,1
77.18,84.02,1.0,0,2,3,74.64,3
64.05,52.16,1.0,2,1,1,53.85,1
54.86,42.34,1.0,3,2,4,43.83,3
38.57,13.6,0.0,1,3,3,17.35,2
84.36,35.61,1.0,0,2,2,64.18,2
74.15,66.8,1.0,1,3,3,64.78,3
100.0,95.33,1.0,0,2,1,89.11,2
77.37,46.14,1.0,0,1,2,63.94,2
61.09,57.0,1.0,2,3,5,59.25,5
100.0,70.45,1.0,1,2,2,83.95,3
86.84,48.76,1.0,0,1,1,71.12,1
61.25,31.88,1.0,0,3,2,55.59,2
80.94,84.6,1.0,0,3,1,80.47,1
63.7,65.03,1.0,1,2,4,60.42,4
89.83,95.9,1.0,0,1,1,84.45,2
55.37,29.1,1.0,0,4,3,46.79,2
68.69,63.51,1.0,1,2,3,65.17,3
100.0,77.04,1.0,0,1,2,82.35,3
44.08,22.28,0.0,2,3,2,25.98,1
46.72,51.9,0.0,2,2,3,22.05,2
99.85,58.78,1.0,0,1,1,76.41,1
67.74,26.09,1.0,0,3,3,58.02,2
65.7,50.11,1.0,0,1,3,63.0,3
67.7,40.8,1.0,1,1,2,46.2,2
76.26,23.95,1.0,0,3,1,57.39,1
68.95,45.75,1.0,0,1,4,58.44,4
86.19,74.97,1.0,0,1,2,79.58,3
48.3,57.86,1.0,4,5,3,38.55,2
78.56,80.74,1.0,1,4,4,65.06,4
87.64,61.34,1.0,0,1,1,68.22,2
66.07,35.08,0.0,0,2,3,30.96,2
100.0,85.0,1.0,0,1,2,84.91,3
74.34,65.74,1.0,0,2,4,68.09,4
82.41,53.61,1.0,0,1,2,68.59,2
90.93,63.7,1.0,0,1,2,74.0,3
49.26,42.16,1.0,4,2,2,36.41,1
69.34,61.31,1.0,0,3,5,58.01,5
62.51,17.37,1.0,2,1,3,37.47,2
81.37,58.84,1.0,0,1,3,66.62,3
54.71,42.0,1.0,4,3,4,36.8,3
53.1,31.67,1.0,3,3,3,43.8,2
70.09,14.3,1.0,0,1,3,57.95,2
29.76,35.53,0.0,1,6,4,21.6,3
93.04,58.76,1.0,0,1,1,78.8,1
90.04,63.16,1.0,0,2,3,85.41,4
57.98,46.3,1.0,1,2,3,52.94,2
67.17,52.64,1.0,1,1,4,55.96,4
51.48,16.93,1.0,2,4,2,39.48,1
71.84,55.6,1.0,2,1,2,55.12,2
66.25,52.26,1.0,1,3,2,59.22,2
57.1,43.78,1.0,0,6,4,52.8,3
56.75,39.32,1.0,1,4,2,51.11,1
67.66,46.81,1.0,1,1,2,63.94,2
37.81,30.87,0.0,4,1,2,8.86,1
77.53,81.37,1.0,1,2,1,67.94,1
16.26,10.0,0.0,3,5,4,0.0,3
68.86,11.72,1.0,1,1,2,42.5,1
84.11,60.65,1.0,0,2,3,75.64,3
62.87,37.98,1.0,0,1,2,50.55,2
84.27,53.98,1.0,0,2,2,73.58,2
84.27,30.83,1.0,0,1,3,68.45,3
49.8,33.2,0.0,2,2,2,18.44,1
55.66,24.45,1.0,1,3,3,45.06,2
47.98,25.19,0.0,4,1,3,13.55,2
51.23,52.37,1.0,3,4,4,52.43,3
52.55,29.44,1.0,4,3,5,40.87,4
49.0,30.75,1.0,2,3,4,44.81,3
72.09,82.67,1.0,0,2,4,69.29,4
45.37,31.11,0.0,2,3,4,22.37,3
73.04,48.85,1.0,1,3,2,58.9,2
88.01,75.06,1.0,0,2,2,79.8,3
67.43,33.46,1.0,1,1,3,56.14,3
50.86,18.46,1.0,2,3,3,43.72,2
92.85,88.38,1.0,1,1,2,78.03,3
92.58,48.56,1.0,0,2,2,70.47,2
53.23,15.85,1.0,4,3,2,30.1,1
69.98,35.0,1.0,1,3,2,61.06,2
100.0,74.1,1.0,0,2,1,78.99,2
78.79,45.74,1.0,0,1,2,63.44,2
67.53,50.43,1.0,1,1,3,65.11,3
92.87,63.24,1.0,0,2,1,77.61,2
75.89,36.3,1.0,1,1,1,51.67,1
70.56,56.16,1.0,1,2,2,68.85,2
78.52,63.81,1.0,0,2,2,74.05,2
93.43,54.8,1.0,0,1,2,71.66,2
85.42,38.22,1.0,1,1,2,60.08,2
72.11,70.04,1.0,0,3,3,68.67,3
63.51,20.13,1.0,2,3,5,41.05,4
85.95,68.83,1.0,0,3,1,74.71,2
38.15,34.22,1.0,3,1,3,31.97,2
94.22,77.14,1.0,0,1,1,77.14,2
44.62,40.88,1.0,1,2,4,53.27,3
43.09,28.67,0.0,3,1,2,18.06,1
73.3,44.53,1.0,0,1,2,61.55,2
75.76,48.34,1.0,0,2,2,74.95,2
62.04,27.3,1.0,0,3,2,51.88,1
73.45,58.05,0.0,0,3,3,49.28,2
42.04,33.44,0.0,1,4,5,24.25,4
91.29,70.6,1.0,0,2,1,80.83,2
73.52,71.02,1.0,0,1,5,70.9,5
32.11,10.0,1.0,2,7,4,29.47,3
72.93,49.9,1.0,0,2,1,61.58,1
80.26,54.83,1.0,0,1,1,74.25,1
100.0,100.0,1.0,0,1,1,92.93,2
67.63,40.01,1.0,0,3,3,58.86,3
75.6,62.34,1.0,1,2,1,62.8,1
86.98,35.87,1.0,0,1,2,64.64,2
74.51,78.25,1.0,0,3,2,71.28,2
63.44,17.55,1.0,1,5,3,50.64,2
88.81,59.34,1.0,0,2,4,75.75,4
85.78,71.7,1.0,0,1,3,78.29,4
50.2,38.68,0.0,3,4,2,11.82,1
92.29,58.01,1.0,0,4,1,76.72,1
83.36,48.62,1.0,0,1,1,70.09,1
52.13,21.23,1.0,4,2,4,35.43,3
83.86,75.73,1.0,0,1,2,71.65,2
76.11,49.06,1.0,0,4,2,65.18,2
25.05,10.0,0.0,2,5,5,3.42,4
87.62,71.95,1.0,0,1,3,84.98,4
65.93,37.56,1.0,2,2,2,52.42,2
37.01,24.61,1.0,2,3,5,36.64,4
74.54,59.68,1.0,1,1,2,61.58,2
99.86,72.6,1.0,1,1,1,81.37,2
50.92,25.88,1.0,4,2,5,31.11,4
52.24,27.42,1.0,1,1,3,46.96,2
50.38,62.97,1.0,2,4,2,50.5,1
51.66,22.93,1.0,2,4,4,40.1,3
98.82,50.53,1.0,0,1,1,74.6,1
57.17,42.69,1.0,0,3,5,61.13,4
50.34,70.27,0.0,3,5,2,18.98,1
46.58,30.61,0.0,2,2,5,26.11,4
75.21,48.86,1.0,0,2,3,65.76,3
92.78,99.52,1.0,1,1,2,84.77,3
70.67,49.77,1.0,2,1,2,58.79,2
59.94,27.14,1.0,1,1,3,48.05,2
29.37,12.51,0.0,2,6,5,6.54,4
92.41,89.37,1.0,0,1,1,83.82,2
69.56,38.13,1.0,1,2,1,58.87,1
97.29,61.69,1.0,0,2,1,85.31,2
46.8,31.1,1.0,3,1,3,37.47,2
68.69,65.74,1.0,2,2,3,56.73,3
100.0,84.27,1.0,0,1,1,86.74,2
100.0,81.45,1.0,0,2,1,91.27,2
92.47,62.78,1.0,0,2,2,80.37,3
59.61,41.54,1.0,1,4,4,52.99,3
52.58,54.82,1.0,4,4,3,42.61,2
89.08,76.91,1.0,0,1,1,76.31,2
78.79,75.39,1.0,0,1,2,71.07,2
83.22,71.06,1.0,1,3,2,70.5,2
55.57,59.37,1.0,1,2,3,58.97,2
73.57,56.98,1.0,0,2,2,73.35,2
76.71,62.34,1.0,1,3,2,62.16,2
100.0,56.49,1.0,0,1,2,79.54,2
58.75,45.35,1.0,0,3,4,62.54,3
75.75,58.62,1.0,0,3,3,64.35,3
74.61,45.08,1.0,0,3,2,63.91,2
24.21,30.8,1.0,4,2,5,27.87,4
76.76,52.24,1.0,0,1,1,66.14,1
52.39,62.57,1.0,4,3,2,40.71,1
57.47,69.54,0.0,2,1,3,31.61,2
86.93,76.53,1.0,1,1,2,72.65,3
92.87,90.97,1.0,0,1,2,89.38,3
85.28,88.39,1.0,1,1,3,76.45,4
81.04,63.34,1.0,0,3,1,69.4,1
73.08,24.82,1.0,0,3,2,58.04,1
73.34,53.64,1.0,2,2,3,53.77,3
90.19,72.65,1.0,0,1,3,76.58,4
87.97,66.35,1.0,0,1,1,77.2,2
76.17,72.53,1.0,0,2,2,71.63,2
53.8,22.87,1.0,3,2,3,38.84,2
78.83,45.22,1.0,0,2,4,65.36,4
76.12,31.54,1.0,0,1,1,61.41,1
91.97,76.24,1.0,0,1,2,75.46,3
92.94,61.07,1.0,0,1,1,77.97,2
100.0,77.39,1.0,0,1,1,82.13,2
58.69,41.39,1.0,1,2,3,52.91,2
58.41,48.75,1.0,0,1,2,61.85,1
84.84,60.46,1.0,0,1,1,70.01,1
61.19,42.75,0.0,2,4,2,29.03,1
56.3,42.21,0.0,0,2,3,38.7,2
63.45,43.02,1.0,2,1,2,48.19,2
86.62,60.32,1.0,0,1,3,79.48,4
80.98,56.24,1.0,0,1,1,66.29,1
100.0,59.56,1.0,0,1,1,77.02,1
63.82,19.63,1.0,2,2,2,41.88,1
71.48,64.11,1.0,1,3,2,67.22,2
57.33,41.23,1.0,2,2,4,48.38,3
61.46,29.28,0.0,0,1,4,26.78,3
44.45,45.67,0.0,1,3,4,27.93,3
62.24,53.18,1.0,0,2,5,65.57,5
61.81,56.7,1.0,0,3,5,58.08,5
100.0,97.66,1.0,0,1,1,92.71,2
53.21,26.02,0.0,1,2,4,25.76,3
45.04,31.37,0.0,2,3,2,25.79,1
85.46,60.4,1.0,0,1,3,61.93,4
62.72,52.23,0.0,0,2,3,41.63,2
80.37,60.52,1.0,0,1,1,73.65,1
48.41,27.94,1.0,2,4,2,45.78,1
95.87,78.87,1.0,1,1,2,79.2,3
61.38,45.88,1.0,0,2,5,63.8,5
100.0,82.73,1.0,0,2,2,87.71,3
89.28,58.19,1.0,0,1,1,82.78,1
80.12,84.19,1.0,1,2,2,73.59,2
77.35,78.33,1.0,1,2,1,68.61,1
68.47,47.05,0.0,1,2,2,36.21,1
52.29,66.84,0.0,2,1,2,36.71,1
53.61,48.15,1.0,4,2,4,39.24,3
44.49,56.76,1.0,2,3,5,44.03,4
63.39,52.68,1.0,1,2,3,58.47,3
98.97,82.72,1.0,0,1,1,84.01,2
38.92,24.24,1.0,1,2,5,40.92,4
53.61,31.83,1.0,4,3,4,32.81,3
71.67,50.74,1.0,0,2,1,65.88,1
69.82,25.16,1.0,1,2,1,52.76,1
66.92,36.59,1.0,2,1,3,49.59,3
78.45,57.39,1.0,0,3,3,69.72,3
63.27,48.25,1.0,2,1,3,56.69,3
89.24,72.44,1.0,1,4,1,74.1,2
90.62,75.24,1.0,0,2,1,77.0,2
52.08,43.38,0.0,1,4,3,31.7,2
99.74,63.18,1.0,1,1,1,77.7,2
50.0,36.87,1.0,3,3,3,33.05,2
64.94,37.88,1.0,0,5,3,57.34,3
62.03,53.27,1.0,0,1,3,56.98,3
78.96,54.72,1.0,0,2,2,73.24,2
71.46,29.91,1.0,2,2,3,45.54,2
50.1,42.18,1.0,1,4,2,52.68,1
78.04,72.23,1.0,0,1,1,71.25,1
42.54,10.0,0.0,3,1,3,11.44,2
87.38,61.62,1.0,0,2,3,72.57,4
84.63,70.44,1.0,0,3,2,77.08,2
76.09,46.27,1.0,0,1,2,63.0,2
100.0,100.0,1.0,0,1,3,88.59,4
58.5,37.73,1.0,0,3,3,52.68,2
48.58,39.72,1.0,1,4,3,50.17,2
79.97,54.03,1.0,0,1,3,79.17,3
88.79,57.99,1.0,0,2,1,64.62,1
80.27,60.88,1.0,1,1,2,64.89,2
84.29,73.46,1.0,1,2,2,67.52,2
56.32,45.14,1.0,2,1,2,49.1,1
24.08,41.16,0.0,2,2,5,11.91,4
68.26,84.99,1.0,0,2,2,73.92,2
66.46,20.76,1.0,0,1,3,59.57,2
71.09,44.83,1.0,1,3,3,52.4,3
100.0,88.49,1.0,1,1,1,75.26,2
84.31,68.62,1.0,1,3,1,73.34,1
97.61,62.42,1.0,1,1,2,75.79,3
91.51,68.46,1.0,0,1,1,74.76,2
74.73,35.62,1.0,0,1,3,66.75,3
83.54,64.82,1.0,0,1,1,74.64,1
63.11,50.8,1.0,0,2,2,51.93,2
30.33,13.49,1.0,2,2,4,33.07,3
89.84,54.02,1.0,0,1,2,70.91,2
60.19,21.41,1.0,0,2,2,58.29,1
62.97,57.28,1.0,1,2,2,60.77,2
51.66,19.92,1.0,3,3,1,34.72,1
48.47,48.99,0.0,3,2,3,18.35,2
89.94,67.81,1.0,0,2,1,77.23,2
100.0,66.7,1.0,0,1,1,80.7,2
59.74,32.7,1.0,2,1,3,53.83,2
57.17,48.55,1.0,1,3,2,51.6,1
88.44,61.82,1.0,1,1,2,69.78,3
83.7,90.29,1.0,0,1,1,79.7,1
66.24,36.92,1.0,1,3,3,52.63,3
96.63,67.04,1.0,0,2,1,77.42,2
62.8,48.93,1.0,2,1,3,59.05,3
98.45,76.95,1.0,0,1,1,87.46,2
55.08,21.5,1.0,0,2,3,46.52,2
84.26,56.93,1.0,0,1,2,77.12,2
85.01,50.0,1.0,0,3,3,72.21,3
67.18,72.11,1.0,2,3,1,55.78,1
82.39,77.09,1.0,0,5,1,81.82,1
76.95,41.29,1.0,0,2,3,73.15,3
43.68,34.4,0.0,3,2,5,20.64,4
91.18,59.09,1.0,0,1,1,79.32,1
100.0,69.46,1.0,0,1,1,78.53,2
73.66,38.87,1.0,0,1,3,64.62,3
74.27,81.2,1.0,2,3,1,58.13,1
60.58,54.21,1.0,2,2,3,54.62,3
75.71,35.38,1.0,1,1,2,58.41,2
56.07,35.74,1.0,0,1,4,49.43,3
55.38,24.06,1.0,1,2,4,46.92,3
61.56,50.57,1.0,1,2,3,49.84,3
65.95,21.6,1.0,2,5,1,53.47,1
62.91,42.5,1.0,0,3,4,58.48,4
92.06,86.55,1.0,0,1,2,82.34,3
74.28,41.8,1.0,0,2,2,67.33,2
65.26,10.0,0.0,0,1,3,29.3,2
98.14,65.64,1.0,1,1,2,69.41,3
77.87,61.42,1.0,0,1,2,70.22,2
86.31,71.84,1.0,0,2,2,71.53,3
80.93,58.86,1.0,0,1,3,68.73,3
68.64,49.16,1.0,2,1,2,60.05,2
54.83,19.63,0.0,1,1,3,26.59,2
98.68,83.01,1.0,0,1,2,83.21,3
68.52,58.92,1.0,1,1,2,56.5,2
79.98,56.13,1.0,0,2,3,65.22,3
61.12,23.84,1.0,1,2,1,50.62,1
84.8,58.24,1.0,0,1,1,73.28,1
74.57,64.8,1.0,0,2,5,68.77,5
81.61,31.35,1.0,0,2,1,65.07,1
71.3,41.29,1.0,0,2,1,60.89,1
54.87,15.72,1.0,2,1,4,38.99,3
78.27,47.83,1.0,0,1,1,62.64,1
54.83,44.42,1.0,4,3,4,38.06,3
46.28,32.73,0.0,4,2,4,12.36,3
91.86,91.72,1.0,0,2,2,85.81,3
64.61,80.31,1.0,0,2,2,76.0,2
71.52,49.64,1.0,0,1,3,63.3,3
64.31,52.76,1.0,0,2,2,57.74,2
100.0,66.86,1.0,0,1,1,83.32,2
82.97,71.92,1.0,1,1,2,69.71,2
99.92,58.56,1.0,0,1,2,78.42,2
69.98,54.52,1.0,0,1,1,57.12,1
60.64,45.89,1.0,1,3,4,46.17,4
64.13,57.74,1.0,0,3,3,60.16,3
64.07,43.48,1.0,2,2,2,52.94,2
93.62,47.27,1.0,0,1,2,75.2,2
90.15,52.32,1.0,1,1,2,66.75,2
100.0,73.9,1.0,0,1,1,82.43,2
93.56,63.86,1.0,1,1,2,68.34,3
69.5,32.06,1.0,1,3,1,55.31,1
73.64,64.19,1.0,0,1,2,68.61,2
64.77,27.03,1.0,0,2,4,56.53,3
88.65,66.8,1.0,0,1,1,77.12,2
66.04,23.04,1.0,0,2,2,53.94,1
79.28,64.94,1.0,0,2,2,71.65,2
59.81,38.12,1.0,1,2,2,51.44,1
90.93,72.43,1.0,0,2,1,74.7,2
91.78,52.84,1.0,0,1,1,78.23,1
92.12,53.29,1.0,0,2,2,69.72,2
78.96,61.85,1.0,1,3,3,64.19,3
85.04,82.87,1.0,0,2,2,80.49,3
65.41,32.6,1.0,1,1,4,59.28,4
73.0,44.76,1.0,0,1,2,56.92,2
43.17,37.35,0.0,3,3,4,12.82,3
100.0,81.58,1.0,0,1,2,82.34,3
76.11,70.16,1.0,0,2,3,66.75,3
93.42,69.75,1.0,0,1,3,78.29,4
36.85,14.01,1.0,2,3,3,34.04,2
93.92,57.68,1.0,0,1,2,79.33,2
61.26,23.77,0.0,1,1,1,33.89,1
100.0,33.87,1.0,0,2,2,71.52,2
84.03,79.8,1.0,0,2,1,79.5,1
68.58,33.92,1.0,0,1,1,71.08,1
64.74,59.52,1.0,1,2,3,60.15,3
95.23,48.0,1.0,0,2,2,74.6,2
81.38,33.57,1.0,0,3,2,73.54,2
42.89,27.4,0.0,4,2,4,8.26,3
90.88,77.3,1.0,0,2,1,86.23,2
57.67,44.48,1.0,1,4,4,51.89,3
55.96,52.64,1.0,1,2,4,55.54,3
83.33,53.42,1.0,0,3,1,76.43,1
81.99,49.2,1.0,0,2,2,74.12,2
75.06,46.83,1.0,0,3,3,68.18,3
70.7,32.41,0.0,0,2,4,33.3,3
81.97,49.77,1.0,0,2,1,70.69,1
43.42,51.41,1.0,2,3,2,49.24,1
68.09,57.83,1.0,1,4,2,52.27,2
74.19,67.6,1.0,1,2,1,64.76,1
73.91,70.47,0.0,0,1,3,48.15,2
57.83,35.9,1.0,1,2,1,56.54,1
58.79,27.06,1.0,2,1,3,41.42,2
49.78,59.44,1.0,1,3,3,54.29,2
65.69,42.95,1.0,1,2,1,51.34,1
68.18,42.9,1.0,0,2,3,65.78,3
73.54,60.78,1.0,0,5,1,66.29,1
54.89,48.65,1.0,4,3,2,41.43,1
57.52,31.51,1.0,0,5,3,51.34,2
53.86,38.31,1.0,3,2,4,44.51,3
75.06,29.74,1.0,0,2,2,65.38,1
85.7,51.73,1.0,0,1,1,66.42,1
52.73,45.38,1.0,4,4,4,33.6,3
100.0,56.44,1.0,0,1,1,73.96,1
32.41,10.0,1.0,2,4,3,25.62,2
61.94,27.87,1.0,1,3,5,51.9,4
87.82,71.6,1.0,0,1,2,79.18,3
68.46,39.97,1.0,1,1,3,64.49,3
66.48,28.69,1.0,1,5,3,49.84,2
91.68,64.12,1.0,0,1,1,68.27,2
84.44,93.29,1.0,0,1,3,82.2,3
62.79,56.05,1.0,1,2,2,65.13,2
87.04,66.56,1.0,0,1,1,86.01,2
92.57,58.78,1.0,0,1,1,83.87,1
46.29,34.65,0.0,3,4,4,15.66,3
52.86,43.99,1.0,4,1,5,36.49,4
79.23,71.77,1.0,0,1,1,74.42,1
94.96,74.15,1.0,0,1,1,81.64,2
71.15,45.04,1.0,1,3,3,57.1,3
75.7,45.0,1.0,0,1,1,67.32,1
82.75,59.6,1.0,0,3,1,68.63,1
70.0,67.78,1.0,1,2,2,62.73,2
94.43,63.14,1.0,0,1,2,85.77,3
71.81,74.21,1.0,1,1,2,62.26,2
75.65,43.01,1.0,0,2,3,60.19,3
66.91,60.43,1.0,0,2,5,69.98,5
99.78,80.57,1.0,1,1,1,82.66,2
87.12,61.52,1.0,0,2,1,70.86,2
45.58,32.57,1.0,2,7,5,43.27,4
56.98,52.99,1.0,0,2,3,52.9,2
57.3,50.52,1.0,0,4,3,60.35,2
95.74,59.91,1.0,0,2,1,80.24,1
78.93,66.32,1.0,1,1,4,71.26,4
70.54,26.49,0.0,0,4,2,38.25,1
45.65,37.05,1.0,3,3,3,37.69,2
42.86,21.12,1.0,4,2,4,30.22,3
73.75,72.94,1.0,1,2,1,72.98,1
44.83,26.61,1.0,3,3,4,36.36,3
67.92,67.82,1.0,0,5,2,63.02,2
86.42,69.31,1.0,0,1,1,73.21,2
53.34,56.31,1.0,3,1,1,47.07,1
82.13,46.9,1.0,0,1,2,69.7,2
68.69,51.17,1.0,2,2,1,61.71,1
77.95,30.49,1.0,1,1,1,61.6,1
67.0,58.84,1.0,0,2,1,70.8,1
67.73,73.92,1.0,0,2,3,75.16,3
100.0,92.22,1.0,0,1,1,82.98,2
61.83,25.95,1.0,0,2,4,50.64,3
64.69,51.98,1.0,1,2,3,60.18,3
63.8,42.19,1.0,1,2,3,55.37,3
41.58,19.92,0.0,3,3,5,5.5,4
74.7,35.66,1.0,1,1,2,53.88,2
56.85,65.46,1.0,1,2,4,62.52,3
65.12,39.65,1.0,0,2,3,63.13,3
77.47,61.85,1.0,0,2,1,68.66,1
57.22,30.3,0.0,1,5,2,30.72,1
93.12,44.85,1.0,0,1,2,68.53,2
67.39,43.06,1.0,2,3,2,53.18,2
74.04,46.0,1.0,1,2,2,60.0,2
69.25,53.84,1.0,2,1,4,50.39,4
68.01,22.53,1.0,1,3,2,55.4,1
84.99,67.0,1.0,0,1,2,71.47,2
57.35,19.23,1.0,0,1,4,51.96,3
71.56,48.48,1.0,1,1,2,62.07,2
90.92,77.76,1.0,0,1,2,83.39,3
100.0,91.02,1.0,0,2,1,89.22,2
49.91,14.69,1.0,3,3,3,31.61,2
87.21,47.85,1.0,1,2,2,58.35,2
100.0,58.13,1.0,0,1,1,79.97,1
77.7,51.8,0.0,0,4,3,42.06,2
79.57,49.56,1.0,0,2,2,71.1,2
77.95,39.17,1.0,0,1,2,59.55,2
53.86,64.1,0.0,3,2,4,27.53,3
71.63,55.73,1.0,0,1,3,62.72,3
76.52,47.75,1.0,1,2,2,71.53,2
65.96,29.37,1.0,2,1,2,44.64,1
66.85,47.4,1.0,0,2,4,63.62,4
64.43,57.6,1.0,1,3,4,64.39,4
53.47,13.12,1.0,2,2,2,42.25,1
54.1,38.97,1.0,4,5,3,36.68,2
38.03,35.67,1.0,4,4,5,24.03,4
68.58,57.42,1.0,1,1,1,63.47,1
78.08,35.43,1.0,0,2,2,65.18,2
81.33,58.12,1.0,1,1,2,69.76,2
38.68,31.15,0.0,3,2,4,7.5,3
100.0,71.28,1.0,0,1,3,82.02,4
84.64,48.73,1.0,0,1,4,73.82,4
59.65,10.03,0.0,1,5,4,32.07,3
67.47,57.49,1.0,0,1,3,65.3,3
52.23,33.31,1.0,4,3,3,31.62,2
85.0,46.85,1.0,0,2,1,64.83,1
90.76,64.92,1.0,0,3,2,79.27,3
81.35,54.94,1.0,0,2,1,73.37,1
94.57,88.89,1.0,0,1,2,86.29,3
59.32,74.43,0.0,0,3,3,45.14,2
59.17,51.6,0.0,1,3,3,29.44,2
77.85,61.0,1.0,0,3,3,70.41,3
63.4,51.02,1.0,2,1,1,54.1,1
77.59,51.04,1.0,0,1,2,72.78,2
78.1,46.35,1.0,0,1,2,70.53,2
78.0,46.17,1.0,0,1,2,63.36,2
60.29,53.1,1.0,1,3,2,54.75,2
65.69,50.11,1.0,0,1,1,56.64,1
68.69,53.78,1.0,0,1,2,62.68,2
71.45,45.09,1.0,1,4,1,57.02,1
69.15,45.5,1.0,1,2,3,55.43,3
56.07,15.6,0.0,0,2,4,29.76,3
88.94,57.6,1.0,0,1,4,77.78,4
59.49,33.41,1.0,1,3,2,48.83,1
67.34,14.1,1.0,2,2,1,47.09,1
79.98,50.65,1.0,1,2,2,67.07,2
60.35,52.06,0.0,2,2,2,36.93,1
73.82,36.83,1.0,1,2,1,53.04,1
55.81,49.81,1.0,0,3,4,56.76,3
94.91,60.55,1.0,0,1,1,71.55,2
49.89,46.1,1.0,3,2,3,44.57,2
58.7,44.27,1.0,0,3,2,59.28,1
73.45,70.29,1.0,1,3,2,66.44,2
45.71,30.4,0.0,1,1,3,29.9,2
68.1,26.85,1.0,1,2,3,46.45,2
51.32,26.53,0.0,3,4,3,18.67,2
78.46,59.79,1.0,0,2,1,66.85,1
77.9,63.45,1.0,0,2,3,71.18,3
81.22,53.74,1.0,0,1,3,68.41,3
81.78,66.52,1.0,0,1,1,69.51,1
47.58,52.53,0.0,3,3,3,20.22,2
78.77,66.74,1.0,0,4,3,69.22,3
94.11,53.27,1.0,0,1,1,73.35,1
79.6,43.71,1.0,0,2,1,66.48,1
59.68,33.35,1.0,0,3,3,54.29,2
71.09,60.51,1.0,0,1,4,64.94,4
55.39,48.46,0.0,2,4,5,28.02,4
71.87,39.3,1.0,0,1,2,62.53,2
73.73,55.31,1.0,0,1,2,69.32,2
73.19,60.35,1.0,2,2,2,60.35,2
64.57,29.21,1.0,0,3,4,49.18,3
80.53,56.4,1.0,0,1,1,66.83,1
58.81,33.49,0.0,1,6,3,26.18,2
84.15,68.46,1.0,0,2,2,76.7,2
100.0,60.45,1.0,0,1,2,78.26,3
60.49,58.23,1.0,2,1,3,52.0,3
83.77,100.0,1.0,0,1,3,84.92,3
90.59,62.28,1.0,0,1,1,74.46,2
81.57,77.91,1.0,0,2,3,83.83,3
80.43,31.29,1.0,0,2,2,59.98,2
70.79,46.46,0.0,0,2,1,46.85,1
80.93,54.52,1.0,0,1,1,62.65,1
74.36,43.1,1.0,2,3,4,49.63,4
26.36,21.23,0.0,2,5,4,10.79,3
100.0,78.13,1.0,0,1,1,81.94,2
83.93,68.12,1.0,0,1,2,75.4,2
46.7,18.67,1.0,2,3,4,33.19,3
81.07,89.69,1.0,1,2,3,74.46,3
100.0,75.58,1.0,0,1,2,86.76,3
75.83,58.43,1.0,0,5,2,64.45,2
47.17,10.0,0.0,2,2,4,18.51,3
59.15,49.11,1.0,2,5,1,48.84,1
72.05,54.14,1.0,1,1,4,62.8,4
69.23,68.24,1.0,0,3,1,75.67,1
100.0,83.2,1.0,0,1,1,89.39,2
80.68,48.15,1.0,0,1,3,68.95,3
85.68,84.93,1.0,0,1,1,82.29,2
53.34,25.65,1.0,4,3,5,31.53,4
61.07,58.7,1.0,0,1,2,62.79,2
92.74,62.66,1.0,1,1,2,72.6,3
62.12,60.76,0.0,1,1,2,38.61,1
66.57,50.47,1.0,1,3,3,59.73,3
83.71,86.48,1.0,0,2,1,70.52,1
76.89,68.27,1.0,0,2,2,65.72,2
59.02,39.39,1.0,0,1,1,56.66,1
96.29,36.04,1.0,0,1,2,72.03,2
99.54,65.45,1.0,0,1,1,74.12,2
65.16,40.4,1.0,0,3,2,61.77,2
61.4,63.95,1.0,1,3,4,60.6,4
62.7,58.28,1.0,1,2,2,57.79,2
83.53,71.1,1.0,0,2,3,79.14,3
97.01,75.47,1.0,1,2,1,78.01,2
83.85,55.65,1.0,0,3,3,73.29,3
68.03,40.72,0.0,1,2,3,34.2,2
80.52,42.23,1.0,0,1,3,65.99,3
49.34,10.0,0.0,1,4,4,21.79,3
76.65,55.53,1.0,0,3,4,69.59,4
100.0,73.09,1.0,0,1,1,80.45,2
70.96,22.45,1.0,1,1,1,48.95,1
80.42,48.03,1.0,0,2,3,65.32,3
70.79,62.06,1.0,0,2,2,68.74,2
24.07,10.0,0.0,1,5,5,14.13,4
97.96,95.15,1.0,1,1,1,91.72,2
57.07,41.22,1.0,2,3,3,51.13,2
86.82,71.4,1.0,0,1,2,72.13,3
82.48,79.93,1.0,0,1,1,77.06,1
63.06,38.25,1.0,1,2,2,59.34,2
79.05,88.16,1.0,1,3,1,68.88,1
61.52,41.05,1.0,1,2,1,47.74,1
62.46,46.84,1.0,0,2,2,61.23,2
71.68,48.71,1.0,2,2,1,55.29,1
75.64,52.42,1.0,0,3,3,71.06,3
91.55,74.3,1.0,0,1,3,76.74,4
74.98,45.18,1.0,0,3,1,73.53,1
56.18,53.24,0.0,0,3,5,36.37,4
60.53,51.17,1.0,1,1,3,53.73,3
63.34,74.44,1.0,0,2,4,61.94,4
78.12,34.19,1.0,0,3,1,62.22,1
55.39,34.38,1.0,2,3,2,46.76,1
68.49,48.06,1.0,1,4,2,61.66,2
87.79,79.47,1.0,1,2,1,68.17,2
64.75,69.66,1.0,0,3,3,68.68,3
76.04,76.1,1.0,0,3,5,73.85,5
40.44,35.92,1.0,4,2,3,22.79,2
59.66,59.96,1.0,0,1,4,64.05,3
70.64,67.68,1.0,1,2,2,56.3,2
82.59,65.26,1.0,0,1,3,76.28,3
41.0,29.09,0.0,2,2,4,16.15,3
67.99,28.91,1.0,1,2,3,56.83,2
73.2,46.48,1.0,2,1,1,52.63,1
54.73,39.32,0.0,2,4,5,26.83,4
84.83,67.31,1.0,1,1,3,68.29,3
40.99,21.02,0.0,2,2,4,17.0,3
85.47,66.28,1.0,1,1,2,71.68,3
31.82,10.0,0.0,3,5,3,7.51,2
100.0,75.77,1.0,0,1,3,79.58,4
54.44,53.49,1.0,4,5,5,35.75,4
61.82,44.17,1.0,1,2,4,48.15,4
84.93,52.53,1.0,0,3,2,72.23,2
50.2,38.09,1.0,4,3,2,41.13,1
59.42,43.76,0.0,1,5,3,39.32,2
94.59,58.91,1.0,0,1,1,78.12,1
81.68,91.41,1.0,0,2,2,83.33,2
68.92,59.07,1.0,1,1,5,60.96,5
66.75,37.27,1.0,0,2,3,58.18,3
74.46,36.16,1.0,2,1,2,55.91,2
57.04,40.94,1.0,0,4,4,46.51,3
37.09,49.48,1.0,3,1,1,40.7,1
79.85,34.35,1.0,0,3,2,65.78,2
75.09,61.03,1.0,0,5,3,67.5,3
65.24,37.26,1.0,0,1,2,58.59,2
47.72,21.7,1.0,2,4,2,34.0,1
78.86,81.12,1.0,0,2,2,73.09,2
60.58,49.11,1.0,1,1,1,52.43,1
48.79,32.57,1.0,1,2,5,48.26,4
61.59,57.58,1.0,0,4,3,57.85,3
18.51,10.0,0.0,2,5,5,1.84,4
67.62,65.26,1.0,1,1,4,57.52,4
39.05,36.82,0.0,3,1,4,15.3,3
55.37,54.54,1.0,1,2,1,56.5,1
81.81,63.67,1.0,1,2,3,72.47,3
64.04,32.17,1.0,1,2,3,51.79,3
66.8,54.81,1.0,1,2,3,65.31,3
76.03,54.03,1.0,0,1,2,65.67,2
79.43,68.27,1.0,0,3,2,73.03,2
70.87,43.72,1.0,1,2,2,62.29,2
44.48,27.28,0.0,1,1,5,15.95,4
95.43,84.38,1.0,0,1,1,86.19,2
99.98,73.9,1.0,0,2,2,85.94,3
47.22,26.77,0.0,2,3,4,19.93,3
66.22,22.46,0.0,1,3,3,26.03,2
96.31,55.63,1.0,0,2,1,77.21,1
75.09,51.33,1.0,0,1,1,64.43,1
60.56,60.75,1.0,0,1,2,64.97,2
81.93,39.35,1.0,0,2,2,62.56,2
83.08,57.49,1.0,1,1,2,73.02,2
100.0,91.62,1.0,0,1,2,87.88,3
88.63,72.87,1.0,0,1,1,78.67,2
64.04,45.22,1.0,0,1,1,54.87,1
44.5,10.0,1.0,4,2,4,25.59,3
49.42,39.87,1.0,3,4,5,39.16,4
82.53,87.76,1.0,0,2,1,74.75,1
51.99,19.47,1.0,1,3,3,40.28,2
65.04,10.0,1.0,1,3,3,50.29,2
73.5,63.92,1.0,0,2,2,70.76,2
82.11,69.2,1.0,0,2,1,74.86,1
57.54,65.21,0.0,1,5,5,28.43,4
78.56,54.49,1.0,0,4,3,69.37,3
100.0,76.39,1.0,0,2,1,82.99,2
45.92,55.29,1.0,1,2,2,46.0,1
64.53,20.1,1.0,2,4,1,44.59,1
61.97,55.93,1.0,2,2,1,50.84,1
74.21,80.77,1.0,0,3,4,78.28,4
64.48,47.3,1.0,1,3,2,52.91,2
53.15,33.08,0.0,4,3,5,16.18,4
53.88,33.25,1.0,2,2,3,49.71,2
82.88,34.78,1.0,0,1,1,62.68,1
73.52,49.79,0.0,0,2,2,41.71,1
81.18,55.52,1.0,0,1,2,64.78,2
89.2,76.53,1.0,1,1,1,72.86,2
100.0,90.05,1.0,0,2,1,86.96,2
86.51,51.15,1.0,0,2,1,66.19,1
62.04,60.97,1.0,0,3,1,61.48,1
62.25,39.33,1.0,0,4,4,59.74,4
61.44,45.96,1.0,1,2,3,50.96,3
90.35,61.66,1.0,0,2,1,76.64,2
66.42,36.92,1.0,1,2,2,54.79,2
100.0,97.16,1.0,0,1,2,88.97,3
64.67,44.78,1.0,0,3,3,60.63,3
79.36,39.91,1.0,0,1,3,69.91,3
100.0,88.61,1.0,1,1,2,83.02,3
86.44,63.09,1.0,0,1,2,74.83,3
69.03,66.51,1.0,2,2,3,59.06,3
53.02,24.49,1.0,1,5,2,57.55,1
87.29,66.17,1.0,0,1,1,73.31,2
78.03,39.96,1.0,0,2,1,59.21,1
57.86,26.27,1.0,2,2,5,46.08,4
68.99,17.15,1.0,2,3,3,42.91,2
69.09,39.91,0.0,0,2,2,40.18,1
61.61,41.99,1.0,1,1,3,55.41,3
97.33,80.33,1.0,0,1,2,77.5,3
100.0,60.64,1.0,0,1,2,80.63,3
88.44,60.2,1.0,0,2,2,75.98,3
86.38,84.2,1.0,0,1,3,79.35,4
56.25,49.21,0.0,1,5,3,30.34,2
62.56,54.34,1.0,1,2,5,53.53,5
77.68,50.39,1.0,0,1,3,65.6,3
70.89,66.18,0.0,2,1,3,42.6,2
80.47,49.63,1.0,0,2,1,73.06,1
87.15,67.53,1.0,0,1,1,78.4,2
39.29,14.81,1.0,1,5,4,43.81,3
92.14,96.03,1.0,0,1,3,81.27,4
97.53,97.96,1.0,0,1,1,86.44,2
55.56,30.62,1.0,1,3,4,50.15,3
90.72,53.71,1.0,0,2,2,67.16,2
82.22,62.61,1.0,0,1,2,74.51,2
67.74,66.03,1.0,0,1,1,70.93,1
59.69,44.68,1.0,0,3,1,56.05,1
45.54,10.0,1.0,4,2,2,19.52,1
46.86,13.19,1.0,3,1,3,29.31,2
58.07,45.72,1.0,2,3,5,52.96,4
80.02,61.08,1.0,0,2,1,73.04,1
100.0,100.0,1.0,0,2,1,84.22,2
75.56,36.15,1.0,0,2,2,61.93,2
79.79,82.38,1.0,0,2,2,78.52,2
77.62,32.2,1.0,0,2,2,68.16,2
81.12,64.05,1.0,0,1,2,75.57,2
58.94,50.22,1.0,1,3,4,51.91,3
79.83,55.28,1.0,0,2,3,79.71,3
83.6,70.96,1.0,0,2,2,74.78,2
73.15,63.57,1.0,0,1,2,70.95,2
90.68,59.84,1.0,0,1,3,77.47,3
83.01,56.74,1.0,0,2,1,70.24,1
72.59,45.14,1.0,1,2,3,57.29,3
60.66,48.52,1.0,0,1,2,60.63,2
69.31,52.25,1.0,1,1,3,67.2,3
69.9,23.67,1.0,0,4,2,54.9,1
67.97,36.54,1.0,2,2,3,57.2,3
64.6,31.87,1.0,0,2,2,56.91,2
100.0,84.33,1.0,0,2,2,87.14,3
57.29,22.37,0.0,1,2,5,26.75,4
56.58,42.0,1.0,1,3,3,49.49,2
100.0,75.64,1.0,1,1,1,75.85,2
66.69,48.37,1.0,0,5,1,55.66,1
32.94,43.29,1.0,3,1,5,46.51,4
86.35,78.17,1.0,1,1,3,74.32,4
81.1,72.48,1.0,0,1,3,76.98,3
69.64,48.61,1.0,1,4,1,62.34,1
70.86,61.36,0.0,0,3,3,46.24,2
66.61,48.02,1.0,1,2,2,59.3,2
98.41,64.79,1.0,0,3,3,77.33,4
70.29,43.3,1.0,0,4,2,58.92,2
84.65,59.19,1.0,0,2,2,69.13,2
72.09,63.38,1.0,2,2,1,56.55,1
91.63,62.34,1.0,0,2,2,89.68,3
67.38,33.32,1.0,1,2,2,58.44,2
79.9,50.26,1.0,0,2,1,71.66,1
84.78,90.09,1.0,0,1,2,85.65,2
75.32,48.33,1.0,0,2,2,69.21,2
68.39,46.96,1.0,1,2,2,58.45,2
57.46,37.53,1.0,1,2,5,50.67,4
77.04,43.88,1.0,1,2,2,56.75,2
78.0,42.12,1.0,0,2,1,63.4,1
62.22,33.6,1.0,1,3,4,46.61,4
36.49,14.87,0.0,2,5,4,12.17,3
88.76,55.92,1.0,0,2,2,73.19,2
67.56,44.7,1.0,1,1,2,56.06,2
83.91,49.75,1.0,1,1,1,69.61,1
56.74,69.79,1.0,1,1,3,54.04,2
100.0,81.37,1.0,0,1,1,90.7,2
86.19,38.0,1.0,0,1,3,73.04,3
26.23,10.0,0.0,3,3,2,2.63,1
48.18,49.77,0.0,3,3,3,15.22,2
100.0,83.35,1.0,0,1,1,80.56,2
72.69,53.87,1.0,1,2,5,64.28,5
86.13,78.36,0.0,0,2,2,57.8,1
68.19,50.96,1.0,1,2,1,55.16,1
59.07,37.48,1.0,1,1,2,48.41,1
62.98,18.87,1.0,1,2,3,60.89,2
65.31,41.75,1.0,1,4,3,53.89,3
74.03,30.7,1.0,1,1,2,56.29,2
75.05,80.2,1.0,0,2,3,71.62,3
64.91,36.34,1.0,0,3,5,60.8,5
67.1,35.73,1.0,2,4,5,52.32,5
72.45,81.86,1.0,1,2,5,63.65,5
74.36,52.22,1.0,1,1,3,64.81,3
50.11,21.24,1.0,2,3,2,39.03,1
100.0,90.38,1.0,0,1,1,88.64,2
48.51,31.81,1.0,4,4,5,29.27,4
68.23,51.76,1.0,1,2,3,59.71,3
76.99,52.32,1.0,1,2,1,62.7,1
64.36,36.77,1.0,2,5,3,47.09,3
74.13,33.35,1.0,0,1,3,61.76,3
84.32,72.42,1.0,0,1,4,71.74,4
67.53,50.31,1.0,0,2,2,64.56,2
79.2,53.23,1.0,0,3,2,70.54,2
88.6,54.79,1.0,0,1,2,69.05,2
85.0,45.24,1.0,0,1,3,76.91,3
83.67,42.36,1.0,0,1,1,75.86,1
51.99,47.13,1.0,3,7,4,44.66,3
87.0,75.76,1.0,0,1,3,80.91,4
68.48,67.04,1.0,0,5,2,70.56,2
67.7,44.75,1.0,0,1,5,66.87,5
60.51,35.28,1.0,1,1,2,55.21,2
60.86,73.11,1.0,0,2,4,72.82,4
47.96,32.91,1.0,1,3,3,43.22,2
80.51,73.98,1.0,0,3,2,69.24,2
64.57,12.42,1.0,1,3,3,50.89,2
81.98,67.34,1.0,1,1,1,76.03,1
89.27,64.15,1.0,0,1,3,77.13,4
100.0,76.24,1.0,0,1,1,88.82,2
58.85,62.59,1.0,0,2,2,65.37,1
90.9,86.13,1.0,0,1,2,82.03,3
44.29,29.43,1.0,1,3,2,38.11,1
100.0,100.0,1.0,0,1,1,92.38,2
52.06,10.8,1.0,1,4,5,44.31,4
61.02,39.08,1.0,0,1,2,57.17,2
66.94,51.8,1.0,1,5,3,55.26,3
79.18,81.25,1.0,0,2,3,78.93,3
67.8,29.85,1.0,0,3,3,56.93,2
58.46,25.37,1.0,1,3,2,51.67,1
100.0,74.64,1.0,0,1,1,80.29,2
70.43,28.64,0.0,1,2,1,34.22,1
75.18,72.54,1.0,1,1,2,64.82,2
90.45,59.07,1.0,1,1,1,72.43,1
77.19,75.01,1.0,1,1,1,73.67,1
90.9,85.92,1.0,0,1,1,80.15,2
76.03,49.65,1.0,0,2,3,65.69,3
48.95,39.93,1.0,3,2,2,35.95,1
61.94,53.14,1.0,0,1,1,62.31,1
68.98,71.83,0.0,0,3,2,47.39,1
60.19,35.44,1.0,2,1,4,42.21,4
74.75,65.06,1.0,1,4,1,69.02,1
85.53,63.33,1.0,1,1,2,69.51,3
32.44,10.0,1.0,2,7,5,27.24,4
50.4,25.84,1.0,2,1,5,43.37,4
68.39,41.51,1.0,1,4,3,57.38,3
89.64,73.01,1.0,0,1,3,78.4,4
58.56,58.15,1.0,1,3,3,54.69,2
62.54,44.34,1.0,1,2,3,56.14,3
79.48,57.08,1.0,0,2,2,71.96,2
100.0,66.13,1.0,1,2,1,80.79,2
50.35,39.48,1.0,4,2,4,40.94,3
86.53,51.29,1.0,0,2,3,73.89,3
86.86,41.37,1.0,0,1,1,64.17,1
74.48,45.34,0.0,1,3,1,32.68,1
31.61,14.74,0.0,3,5,5,8.33,4
70.77,65.0,1.0,0,4,3,65.02,3
78.98,57.34,1.0,1,1,2,63.91,2
75.99,63.27,1.0,0,1,1,73.93,1
89.66,91.04,1.0,0,1,1,81.19,2
51.78,50.08,1.0,1,1,3,51.05,2
64.95,51.86,1.0,0,1,1,65.78,1
40.07,30.03,0.0,1,2,5,17.17,4
91.38,76.99,1.0,0,1,3,80.12,4
60.15,44.63,1.0,0,3,2,54.78,2
92.11,61.74,1.0,0,1,1,73.31,2
67.79,55.26,1.0,0,2,3,62.37,3
49.48,12.88,1.0,2,4,1,39.46,1
81.34,64.44,1.0,0,1,1,69.51,1
78.95,74.77,1.0,0,2,2,77.53,2
93.15,55.47,1.0,0,1,1,82.26,1
66.95,56.04,1.0,1,3,2,60.9,2
76.49,47.12,1.0,0,2,1,64.27,1
69.69,43.66,1.0,1,2,3,56.6,3
82.21,26.07,0.0,0,2,2,42.51,1
60.35,20.13,0.0,0,1,2,37.06,1
60.75,40.79,1.0,1,2,4,57.89,4
45.27,44.29,0.0,3,4,4,15.75,3
63.06,63.6,1.0,0,4,2,68.72,2
73.22,28.97,1.0,0,3,3,56.65,2
80.29,63.19,1.0,0,2,3,75.69,3
98.38,75.62,1.0,0,3,1,81.42,2
100.0,93.36,1.0,0,1,2,85.54,3
60.69,28.33,1.0,1,3,2,52.74,1
67.76,51.96,1.0,0,2,1,70.46,1
72.55,61.18,1.0,1,2,2,64.69,2
88.44,80.9,1.0,0,1,1,76.86,2
40.7,32.57,1.0,2,3,4,38.35,3
74.26,35.04,1.0,1,1,2,53.31,2
49.07,19.02,1.0,3,2,3,32.7,2
87.36,65.87,1.0,0,1,3,80.35,4
31.83,10.0,1.0,3,3,2,20.2,1
48.8,10.0,0.0,3,5,3,19.49,2
57.12,71.57,1.0,1,1,3,64.96,2
82.23,37.95,1.0,0,2,1,67.85,1
70.06,51.26,1.0,1,2,2,62.82,2
78.85,68.48,1.0,0,2,2,72.0,2
70.48,17.35,1.0,0,2,2,58.57,1
56.37,23.77,1.0,1,3,3,43.95,2
91.67,79.62,1.0,0,1,1,81.38,2
53.88,53.9,1.0,3,4,3,43.59,2
77.71,57.23,1.0,0,2,4,69.82,4
88.35,59.19,1.0,1,1,3,72.59,3
68.42,37.01,1.0,0,3,3,63.94,3
71.69,49.61,1.0,0,2,3,66.83,3
52.48,40.05,0.0,2,3,2,28.4,1
52.05,22.58,1.0,3,4,2,34.71,1
61.67,38.62,1.0,0,5,2,60.25,2
69.81,53.71,1.0,0,3,1,65.03,1
59.96,71.12,1.0,2,1,1,56.87,1
41.44,37.84,0.0,3,5,3,16.86,2
87.8,76.09,1.0,0,2,2,76.2,3
94.4,84.88,1.0,1,1,1,79.78,2
45.23,44.47,1.0,1,4,4,44.05,3
53.43,44.87,1.0,1,7,2,47.81,1
84.13,52.44,1.0,0,1,2,69.22,2
57.4,44.96,1.0,1,1,3,53.09,2
72.36,62.62,1.0,0,2,3,62.82,3
83.57,80.82,1.0,0,2,2,70.0,2
65.03,38.27,0.0,1,2,2,31.59,1
62.32,39.81,1.0,1,2,5,44.27,5
65.89,49.58,1.0,2,2,4,52.16,4
74.87,45.45,1.0,0,2,3,62.42,3
66.03,15.79,1.0,1,1,3,41.82,2
21.85,10.0,0.0,1,2,5,7.24,4
100.0,90.05,1.0,0,1,2,82.77,3
100.0,76.8,1.0,1,2,2,80.75,3
63.23,44.81,1.0,1,1,3,48.96,3
75.62,59.76,1.0,0,1,2,63.89,2
63.58,40.17,1.0,2,3,3,55.31,3
80.18,56.23,1.0,1,1,3,64.19,3
47.54,42.01,0.0,2,4,4,17.45,3
72.18,42.04,1.0,2,3,2,58.21,2
75.85,74.05,1.0,0,1,2,71.92,2
56.29,59.21,1.0,0,2,3,58.23,2
61.12,31.0,0.0,0,2,2,32.05,1
63.01,32.97,1.0,0,2,4,59.44,4
89.06,40.24,1.0,0,1,2,67.79,2
82.87,58.87,0.0,0,1,1,50.52,1
64.93,53.01,1.0,0,4,1,69.73,1
57.42,55.59,1.0,1,4,3,57.71,2
28.07,10.0,1.0,4,3,3,22.31,2
59.11,48.36,1.0,1,3,3,51.57,2
63.2,67.43,1.0,0,5,1,69.33,1
52.54,72.2,1.0,4,3,1,41.82,1
47.77,40.03,1.0,3,2,3,42.48,2
94.54,96.46,1.0,0,1,2,89.16,3
75.03,59.57,1.0,0,1,1,70.81,1
59.33,20.41,1.0,0,2,4,54.63,3
73.92,43.01,1.0,0,1,1,66.45,1
79.32,66.13,1.0,1,1,1,66.51,1
76.67,63.74,1.0,0,1,2,70.22,2
52.2,59.99,1.0,1,3,2,52.52,1
33.97,10.0,0.0,2,4,4,6.6,3
53.83,43.95,1.0,1,6,2,54.74,1
85.87,71.18,1.0,0,3,3,74.81,4
71.46,46.69,1.0,1,4,2,60.42,2
92.11,71.37,1.0,0,2,1,75.72,2
86.67,59.85,1.0,0,2,2,67.65,2
67.88,47.12,1.0,1,1,2,57.15,2
63.13,10.0,1.0,0,1,2,48.87,1
53.12,42.69,1.0,2,3,5,51.14,4
59.31,43.56,1.0,0,3,5,58.29,4
64.17,57.52,1.0,0,4,4,62.64,4
100.0,65.4,1.0,0,1,2,77.92,3
71.3,70.15,1.0,0,2,2,67.34,2
44.2,26.47,1.0,3,7,3,30.98,2
78.33,66.71,1.0,0,4,2,72.57,2
74.82,80.32,1.0,0,2,1,75.88,1
76.72,74.35,1.0,0,4,1,76.81,1
59.83,36.25,1.0,0,4,4,53.25,3
71.32,76.11,1.0,1,4,3,66.34,3
84.71,50.04,1.0,0,1,2,70.57,2
82.82,70.98,1.0,0,1,1,76.92,1
85.94,59.27,1.0,0,1,3,76.9,3
60.17,58.13,1.0,2,4,3,54.42,3
63.16,25.83,1.0,1,2,2,46.02,1
95.26,33.28,1.0,0,1,1,70.4,1
68.8,35.53,1.0,0,2,1,63.43,1
59.89,49.78,1.0,0,4,1,60.99,1
88.36,66.1,1.0,0,1,2,74.56,3
100.0,67.21,1.0,0,1,1,86.06,2
57.2,42.03,1.0,1,3,3,52.61,2
70.81,39.5,1.0,2,2,2,56.42,2
77.31,35.64,1.0,0,2,1,63.29,1
47.63,25.16,1.0,3,1,2,39.22,1
94.06,81.69,1.0,0,1,3,84.06,4
58.49,45.3,1.0,1,1,3,52.38,2
51.37,49.08,1.0,4,3,1,35.51,1
100.0,92.71,1.0,0,1,1,86.37,2
74.52,53.25,1.0,0,1,2,59.89,2
72.58,67.67,1.0,0,2,3,60.72,3
85.63,82.08,1.0,0,1,2,78.93,3
62.17,53.72,0.0,1,4,2,38.54,1
82.9,73.46,1.0,0,2,2,77.08,2
90.22,53.4,1.0,0,1,2,76.84,2
63.27,56.47,1.0,1,4,2,53.92,2
65.25,29.89,1.0,1,2,2,49.83,1
50.79,30.5,1.0,4,8,4,32.29,3
68.86,39.12,1.0,0,2,1,63.87,1
69.65,65.83,1.0,2,1,3,64.89,3
47.28,42.92,1.0,3,4,4,36.78,3
70.81,55.06,1.0,0,2,3,58.41,3
100.0,100.0,1.0,0,1,1,93.59,2
67.79,56.82,1.0,2,3,3,60.53,3
90.93,66.68,1.0,0,2,2,78.44,3
65.52,59.12,1.0,1,7,2,57.42,2
63.0,27.69,1.0,1,3,4,41.87,3
36.58,16.21,0.0,2,3,5,14.78,4
76.77,48.81,1.0,0,2,2,61.57,2
60.11,40.19,1.0,1,4,5,51.32,5
62.51,35.44,1.0,1,1,2,56.0,2
100.0,100.0,1.0,0,1,1,93.36,2
48.2,10.13,0.0,1,2,5,25.27,4
98.51,65.97,1.0,0,1,1,87.91,2
81.03,60.96,1.0,0,1,2,75.26,2
81.24,43.2,1.0,0,2,1,69.96,1
51.18,10.0,1.0,2,4,4,44.27,3
61.27,62.15,1.0,1,2,1,53.91,1
75.81,43.68,1.0,0,3,3,65.51,3
71.83,33.19,1.0,1,4,2,52.27,2
64.79,42.89,1.0,1,1,2,58.0,2
73.93,80.93,1.0,0,3,2,75.85,2
84.11,55.19,1.0,0,2,3,71.77,3
57.16,29.41,0.0,1,2,4,27.04,3
79.49,39.78,1.0,0,2,3,68.28,3
79.23,55.35,1.0,1,1,3,70.15,3
85.49,54.81,1.0,0,3,2,67.66,2
48.7,39.91,0.0,3,2,4,17.6,3
92.7,52.65,1.0,0,1,2,72.12,2
99.21,81.39,1.0,0,1,3,86.99,4
80.42,83.88,1.0,0,2,1,76.82,1
62.24,68.41,1.0,1,4,1,66.17,1
75.01,53.52,1.0,0,2,5,73.34,5
71.13,31.56,1.0,1,2,2,57.57,2
93.51,72.42,1.0,0,1,1,80.78,2
100.0,70.29,1.0,1,1,1,77.0,2
43.92,46.62,0.0,3,2,3,24.88,2
85.56,66.92,1.0,1,3,2,67.56,3
80.42,56.45,1.0,0,3,1,71.18,1
75.49,68.15,1.0,0,3,2,71.04,2
45.47,25.36,0.0,1,1,3,27.78,2
65.98,54.04,1.0,0,1,1,63.32,1
76.08,61.9,1.0,0,1,4,64.98,4
74.36,58.18,1.0,0,2,3,61.29,3
76.14,52.92,1.0,0,1,3,63.11,3
79.97,52.34,1.0,0,1,2,74.09,2
92.73,72.5,1.0,0,2,1,85.48,2
70.04,49.49,1.0,1,6,2,61.43,2
54.71,35.08,0.0,1,2,3,34.69,2
49.65,36.51,0.0,2,2,1,23.38,1
62.14,30.35,1.0,1,1,2,52.39,2
87.59,73.3,1.0,0,1,4,77.72,5
91.82,68.17,1.0,0,1,1,73.47,2
71.22,55.91,0.0,1,1,4,38.53,3
60.19,42.43,1.0,0,1,3,64.13,3
53.32,12.87,1.0,4,5,3,25.95,2
81.71,57.7,1.0,0,1,3,70.35,3
81.95,64.42,1.0,0,2,2,66.76,2
92.18,64.09,1.0,1,1,1,70.33,2
71.94,63.1,1.0,0,1,2,65.05,2
81.57,82.78,1.0,0,3,1,81.2,1
34.24,49.57,0.0,3,4,3,17.72,2
73.27,62.59,1.0,0,1,3,68.27,3
88.84,59.01,1.0,1,1,1,70.38,1
69.06,48.95,1.0,1,1,2,61.33,2
65.43,37.38,0.0,1,3,3,36.98,2
70.54,52.86,1.0,1,2,1,60.75,1
87.24,75.0,1.0,0,2,1,80.37,2
66.98,26.8,1.0,0,4,1,53.5,1
72.31,35.16,1.0,0,3,3,57.48,3
74.64,40.44,1.0,0,3,1,60.44,1
80.78,65.6,1.0,0,2,1,74.52,1
72.97,71.14,1.0,1,3,2,66.29,2
68.8,36.79,1.0,1,4,2,49.66,2
77.16,52.38,1.0,0,1,2,61.27,2
91.33,87.61,1.0,0,1,2,77.1,3
57.75,42.1,1.0,1,3,2,57.95,1
71.76,14.54,1.0,1,2,1,45.36,1
74.2,54.64,1.0,0,2,3,61.02,3
89.47,58.24,1.0,0,2,2,73.09,2
84.64,42.62,1.0,0,1,1,63.92,1
85.18,59.26,1.0,0,1,1,67.06,1
47.07,31.56,0.0,4,2,4,17.81,3
44.49,34.34,0.0,2,4,4,16.8,3
85.28,35.95,1.0,0,2,3,60.46,3
50.33,22.89,0.0,2,2,5,19.65,4
65.75,60.29,1.0,0,1,3,64.83,3
88.63,53.29,1.0,0,2,4,68.79,4
64.46,24.11,1.0,1,2,3,52.21,2
68.39,25.35,1.0,1,4,1,55.16,1
68.4,34.72,1.0,1,1,4,54.6,4
30.53,33.76,0.0,1,4,5,24.87,4
53.08,25.76,1.0,3,4,3,35.4,2
83.16,78.5,1.0,0,2,2,74.33,2
33.35,56.5,0.0,3,4,4,14.9,3
93.68,71.43,1.0,0,2,2,79.91,3
63.12,37.14,1.0,1,1,2,60.35,2
63.48,41.09,1.0,1,3,4,57.31,4
76.5,61.82,1.0,0,1,1,69.35,1
91.11,58.74,1.0,0,1,2,74.11,2
95.24,78.21,1.0,0,1,1,79.1,2
59.96,60.03,1.0,0,1,3,58.84,2
91.78,71.0,1.0,0,1,1,79.24,2
92.51,77.71,1.0,0,1,1,81.73,2
95.51,81.61,1.0,0,1,1,84.06,2
70.86,57.8,1.0,2,2,3,57.65,3
78.58,68.91,1.0,1,2,1,73.54,1
71.51,40.53,1.0,2,3,2,54.99,2
52.36,40.58,1.0,4,2,2,37.08,1
76.25,63.35,1.0,0,1,2,65.88,2
58.37,30.86,1.0,1,2,5,48.87,4
83.04,79.49,1.0,0,3,2,79.69,2
82.73,71.13,1.0,0,2,2,77.42,2
62.64,21.86,1.0,1,2,2,50.42,1
66.1,69.16,1.0,0,1,1,64.23,1
70.55,42.65,1.0,0,1,1,62.64,1
83.35,31.93,1.0,0,3,1,61.99,1
84.07,57.61,1.0,0,3,3,70.1,3
100.0,55.93,1.0,0,1,1,82.22,1
56.87,32.15,1.0,2,4,5,43.28,4
57.88,40.43,1.0,0,3,2,50.25,1
80.62,48.47,1.0,0,1,1,57.55,1
56.69,38.7,1.0,1,2,2,53.99,1
55.38,37.84,1.0,0,2,2,54.28,1
76.08,45.71,1.0,0,5,3,72.42,3
39.21,18.4,0.0,1,3,4,27.78,3
92.16,83.67,1.0,1,1,1,78.7,2
73.57,30.98,1.0,2,3,1,47.86,1
100.0,88.7,1.0,1,1,1,83.58,2
56.4,57.35,1.0,0,2,4,60.69,3
87.36,87.01,1.0,0,1,2,83.37,3
79.68,64.87,1.0,1,2,2,72.97,2
90.19,78.12,1.0,0,2,3,75.8,4
100.0,84.34,1.0,0,1,1,87.52,2
59.79,34.01,0.0,1,2,4,29.99,3
100.0,60.85,1.0,0,1,1,80.94,2
66.84,65.21,1.0,0,1,4,61.25,4
50.46,27.17,1.0,1,5,5,43.5,4
55.08,37.68,0.0,2,1,2,21.59,1
63.52,10.0,1.0,2,2,4,41.55,3
52.39,18.78,1.0,1,2,2,49.8,1
80.37,50.42,1.0,0,3,1,64.03,1
90.58,68.24,1.0,0,2,2,76.37,3
80.09,40.83,1.0,0,1,2,67.08,2
62.11,43.53,1.0,0,2,5,63.02,5
74.15,47.73,1.0,0,2,2,63.5,2
94.93,75.29,1.0,0,1,2,89.17,3
60.73,60.74,1.0,1,1,2,55.43,2
44.06,19.07,0.0,1,4,2,19.14,1
94.82,81.89,1.0,0,1,1,82.23,2
65.57,48.69,1.0,1,2,1,60.13,1
86.13,44.13,1.0,0,1,3,70.98,3
69.39,40.38,1.0,1,2,2,54.04,2
87.97,71.45,1.0,0,2,2,73.44,3
40.65,59.55,1.0,3,3,5,40.34,4
93.68,87.66,1.0,0,1,1,76.01,2
60.5,46.36,1.0,1,2,3,50.83,3
55.34,37.07,1.0,0,2,2,56.58,1
28.92,10.0,1.0,4,3,5,20.76,4
65.86,61.49,1.0,0,1,1,71.37,1
98.04,79.75,1.0,0,1,1,85.79,2
55.88,37.75,0.0,2,2,3,23.71,2
54.31,45.6,1.0,3,1,3,34.63,2
64.05,24.57,1.0,2,1,4,46.06,3
51.15,46.54,1.0,2,4,2,46.19,1
38.18,25.6,1.0,4,3,5,20.4,4
63.94,31.26,1.0,1,3,4,51.26,4
66.19,64.85,1.0,2,3,3,52.85,3
85.3,53.85,1.0,0,1,2,77.6,2
62.68,52.14,1.0,1,3,3,58.45,3
70.56,50.0,1.0,1,4,4,57.36,4
58.08,46.9,1.0,1,3,2,54.12,1
68.94,48.0,1.0,1,2,2,62.72,2
73.19,41.01,1.0,1,2,2,58.03,2
52.32,50.62,1.0,1,1,3,57.1,2
42.78,29.68,0.0,1,2,4,25.76,3
93.31,70.76,1.0,0,1,1,85.82,2
62.44,59.23,1.0,1,2,4,54.77,4
95.24,91.64,1.0,0,1,1,87.98,2
74.02,43.33,0.0,2,2,2,34.29,1
89.16,67.09,1.0,0,2,1,74.48,2
80.82,54.33,1.0,0,1,2,64.81,2
49.22,30.63,0.0,1,1,1,24.99,1
58.29,54.72,1.0,2,2,1,56.06,1
100.0,87.91,1.0,0,1,1,81.72,2
76.65,62.4,1.0,0,2,1,62.52,1
81.84,46.5,1.0,0,1,1,68.2,1
65.47,25.88,1.0,2,2,3,50.42,2
71.55,57.34,1.0,0,3,2,62.98,2
95.35,58.7,1.0,1,1,2,71.69,2
60.54,52.01,1.0,2,1,5,53.33,5
60.57,41.91,0.0,0,2,1,38.88,1
86.64,32.27,1.0,0,2,2,65.52,2
75.07,48.18,1.0,1,2,2,60.47,2
48.21,50.24,0.0,4,4,3,10.94,2
50.46,33.99,0.0,3,3,5,15.99,4
57.03,19.9,1.0,0,5,4,54.1,3
46.72,33.52,0.0,3,4,3,17.38,2
78.85,61.79,1.0,0,3,2,69.59,2
64.81,38.6,1.0,0,1,2,58.43,2
63.5,69.66,1.0,2,2,2,63.2,2
100.0,62.56,1.0,0,1,1,77.91,2
100.0,81.03,1.0,0,1,1,87.42,2
92.26,62.16,1.0,0,1,1,77.12,2
75.67,59.5,1.0,1,2,2,75.87,2
71.86,33.26,1.0,0,2,2,58.88,2
80.49,80.14,1.0,0,2,1,79.57,1
76.9,37.36,1.0,0,3,2,59.73,2
89.01,77.99,1.0,0,1,2,72.99,3
71.85,54.64,1.0,1,3,1,65.65,1
56.95,32.79,1.0,0,2,5,49.7,4
87.2,71.01,1.0,1,1,1,75.11,2
78.32,58.85,1.0,0,1,5,71.95,5
73.33,52.43,1.0,1,2,1,69.27,1
65.99,24.26,1.0,1,2,3,49.06,2
65.09,58.82,1.0,1,2,1,55.01,1
59.43,28.47,0.0,0,1,4,32.41,3
98.98,73.79,1.0,0,2,2,87.09,3
89.8,72.73,1.0,0,2,4,82.97,5
77.84,68.88,1.0,1,3,3,68.37,3
91.63,79.93,1.0,0,1,2,76.32,3
66.33,48.07,1.0,1,4,1,62.36,1
97.45,66.42,1.0,0,1,1,81.99,2
50.83,40.25,1.0,2,3,4,45.28,3
79.16,50.61,1.0,0,1,1,63.53,1
81.01,34.9,1.0,1,1,2,62.38,2
84.85,68.37,1.0,1,2,2,75.72,2
72.65,66.09,1.0,1,1,4,60.22,4
87.45,77.61,1.0,1,2,2,73.36,3
58.55,44.56,1.0,2,3,2,48.57,1
77.51,60.89,1.0,0,4,3,76.33,3
30.38,50.33,0.0,2,2,3,17.67,2
64.01,39.02,1.0,2,3,3,50.71,3
48.68,52.91,0.0,2,7,5,28.94,4
87.64,82.67,1.0,0,1,2,84.77,3
62.79,77.81,1.0,0,3,3,59.57,3
49.89,22.73,1.0,3,1,4,42.17,3
98.3,62.19,1.0,0,2,1,83.57,2
66.08,39.0,1.0,1,2,3,60.0,3
85.45,76.02,1.0,0,3,1,78.31,2
89.25,72.01,1.0,0,1,2,78.77,3
81.03,60.75,1.0,1,1,1,65.82,1
38.91,32.01,0.0,3,4,5,14.74,4
55.96,73.14,1.0,1,3,2,56.05,1
100.0,81.51,1.0,1,1,1,86.63,2
58.62,47.28,1.0,1,4,3,49.21,2
78.61,58.41,1.0,1,2,2,66.48,2
84.97,71.99,1.0,1,1,2,70.19,2
80.57,63.4,1.0,0,1,1,71.12,1
100.0,60.27,1.0,0,1,2,78.7,3
76.04,36.77,1.0,0,5,2,63.9,2
55.82,21.41,1.0,1,1,2,49.75,1
75.01,76.09,1.0,0,2,2,77.24,2
85.92,68.32,1.0,0,2,3,80.39,4
64.85,43.82,1.0,1,2,5,57.71,5
87.58,31.41,1.0,0,1,2,66.29,2
60.73,57.28,1.0,2,3,3,48.05,3
100.0,48.97,1.0,0,1,1,80.26,1
77.47,44.13,1.0,0,1,1,66.22,1
73.73,49.55,1.0,0,3,2,62.47,2
94.83,74.7,1.0,0,1,2,85.42,3
67.57,38.17,1.0,1,5,2,57.62,2
69.66,49.74,1.0,2,3,3,63.06,3
87.08,65.78,1.0,0,1,2,77.96,3
81.73,63.35,1.0,0,3,2,64.31,2
63.46,48.24,0.0,1,2,2,37.63,1
56.77,46.08,1.0,1,2,4,51.74,3
100.0,74.46,1.0,0,1,2,77.07,3
82.69,37.63,1.0,0,3,2,64.88,2
86.16,38.25,1.0,0,2,1,66.97,1
51.87,50.52,1.0,1,2,3,51.65,2
60.69,24.84,1.0,2,5,1,49.62,1
81.31,77.27,1.0,1,2,1,75.03,1
88.13,68.82,1.0,0,3,1,77.24,2
88.92,70.1,1.0,0,1,1,80.23,2
49.32,28.87,0.0,3,5,5,15.62,4
68.31,38.83,1.0,0,2,3,60.49,3
46.2,10.0,0.0,1,3,1,17.87,1
65.02,69.24,0.0,0,2,2,45.98,1
64.42,69.18,1.0,2,3,5,56.09,5
61.35,57.68,1.0,0,2,3,53.24,3
60.46,43.33,1.0,1,3,2,52.74,2
56.5,32.09,1.0,0,3,4,47.31,3
80.13,41.05,1.0,0,1,3,63.81,3
98.52,94.42,1.0,1,2,2,87.76,3
48.32,19.5,0.0,2,2,2,15.83,1
54.76,55.32,1.0,3,1,3,43.78,2
80.03,76.24,1.0,0,1,1,64.39,1
66.64,65.15,1.0,1,3,3,63.11,3
77.03,43.92,0.0,0,2,2,45.78,1
64.66,52.68,1.0,0,3,1,68.99,1
58.76,45.23,1.0,0,3,4,59.48,3
58.22,17.83,1.0,1,2,3,50.52,2
53.22,46.85,1.0,2,2,1,52.58,1
85.83,64.04,1.0,0,1,1,73.54,2
100.0,72.14,1.0,0,1,1,85.98,2
67.71,40.87,1.0,1,3,2,67.09,2
65.25,46.57,0.0,2,2,2,34.44,1
83.01,91.09,1.0,0,2,3,73.17,3
66.46,54.3,1.0,2,2,3,48.48,3
77.58,52.95,1.0,0,3,1,68.56,1
60.73,36.87,0.0,1,2,4,42.18,3
88.41,70.83,1.0,0,1,2,79.2,3
84.89,63.64,1.0,1,1,2,68.96,2
60.1,26.79,1.0,2,2,1,44.81,1
91.57,47.21,1.0,0,1,3,72.23,3
85.96,62.44,1.0,0,1,2,72.21,3
66.0,44.18,1.0,0,2,3,66.11,3
57.94,10.0,1.0,0,2,2,51.14,1
64.27,46.95,1.0,2,2,3,46.9,3
52.42,56.97,0.0,4,4,4,15.52,3
58.02,48.97,1.0,1,1,2,56.89,1
83.62,55.16,1.0,0,1,1,79.52,1
57.42,28.49,1.0,1,5,2,49.56,1
73.46,56.53,1.0,1,2,5,66.82,5
88.12,73.48,1.0,0,1,1,81.21,2
82.28,48.89,1.0,0,1,1,66.59,1
77.08,57.09,1.0,0,2,2,73.99,2
91.68,42.64,1.0,0,2,1,70.77,1
82.13,69.16,1.0,0,2,2,73.68,2
66.47,54.31,1.0,1,1,3,65.13,3
89.9,52.01,1.0,1,1,1,63.61,1
100.0,63.28,1.0,0,1,3,83.6,4
78.82,66.12,1.0,1,3,1,64.29,1
72.67,57.29,1.0,2,1,3,57.08,3
50.91,18.78,1.0,3,3,5,32.56,4
84.02,92.52,1.0,1,2,2,75.45,2
57.56,32.1,0.0,1,3,3,33.51,2
65.37,41.64,1.0,0,1,3,62.29,3
90.93,42.28,1.0,0,2,3,70.49,3
34.52,15.28,0.0,3,6,3,10.35,2
52.84,33.08,1.0,2,3,4,45.07,3
43.16,41.87,0.0,1,3,5,28.75,4
96.55,53.5,1.0,1,1,1,71.01,1
71.55,73.18,1.0,1,4,3,62.77,3
56.76,75.09,1.0,2,2,1,55.93,1
75.93,74.07,1.0,0,3,1,71.09,1
85.39,62.4,1.0,1,4,1,69.09,2
50.87,22.21,0.0,3,2,5,16.37,4
50.57,10.0,1.0,3,3,5,33.25,4
83.64,77.13,1.0,0,2,1,74.73,1
59.97,24.86,0.0,0,3,3,32.18,2
86.25,65.13,1.0,0,1,3,78.92,4
86.33,52.03,1.0,0,2,1,71.18,1
64.84,48.34,1.0,1,2,4,62.39,4
100.0,71.2,1.0,1,1,2,74.09,3
77.67,46.99,1.0,0,2,2,65.13,2
79.21,34.92,1.0,0,1,3,67.39,3
58.56,40.36,1.0,0,4,5,54.46,4
72.86,50.29,1.0,1,2,3,67.98,3
100.0,69.72,1.0,0,1,3,84.24,4
51.57,72.25,1.0,2,5,3,55.81,2
63.56,34.8,1.0,2,3,4,45.6,4
80.56,52.57,1.0,0,3,3,69.88,3
44.0,16.89,1.0,4,2,5,32.42,4
69.97,58.56,1.0,0,1,2,65.16,2
52.23,47.16,1.0,4,2,3,42.07,2
74.54,68.68,1.0,0,2,1,67.36,1
94.08,73.67,1.0,0,1,1,81.81,2
68.99,54.56,1.0,0,2,2,63.49,2
100.0,85.89,1.0,0,1,2,86.75,3
71.13,54.67,1.0,1,2,1,57.69,1
50.25,30.53,1.0,2,1,3,39.82,2
81.53,67.77,1.0,1,3,1,72.23,1
78.95,53.64,1.0,0,1,4,61.27,4
77.33,37.39,1.0,1,2,3,61.33,3
57.33,10.0,0.0,1,1,1,24.94,1
55.33,40.52,1.0,0,3,5,56.55,4
100.0,100.0,1.0,0,1,1,93.07,2
70.43,59.27,1.0,1,2,3,62.23,3
79.38,68.4,1.0,0,2,2,75.13,2
56.17,54.78,1.0,1,2,4,58.39,3
76.15,49.12,1.0,0,3,3,56.51,3
86.43,60.82,1.0,0,2,2,71.93,3
88.08,63.44,1.0,0,1,2,73.06,3
51.03,24.62,0.0,2,4,5,19.12,4
98.63,62.47,1.0,0,2,2,81.29,3
100.0,71.18,1.0,0,1,1,78.02,2
43.12,43.17,0.0,2,1,4,35.59,3
42.18,39.98,0.0,2,4,4,21.09,3
71.75,39.57,1.0,1,1,4,66.0,4
77.12,53.52,1.0,0,2,2,75.75,2
69.01,31.56,1.0,1,2,2,47.84,2
84.49,43.37,1.0,1,2,1,65.74,1
59.87,44.46,1.0,1,2,1,62.97,1
68.74,56.8,1.0,1,2,4,66.58,4
49.68,69.19,0.0,3,4,4,34.07,3
98.71,86.6,1.0,0,1,2,84.29,3
65.42,26.36,1.0,0,3,2,61.05,1
57.08,39.33,1.0,1,2,2,56.79,1
76.72,39.6,1.0,0,3,1,65.69,1
74.46,50.04,1.0,0,4,2,64.24,2
77.82,65.15,1.0,0,4,4,72.89,4
86.93,62.17,1.0,0,1,2,72.99,3
84.13,44.43,1.0,1,2,3,73.19,3
52.55,46.09,1.0,2,2,3,42.9,2
37.1,10.0,0.0,2,5,3,9.22,2
76.65,56.58,0.0,0,2,1,45.39,1
90.96,52.71,1.0,0,1,2,74.42,2
63.86,30.71,0.0,2,1,1,27.43,1
54.88,30.1,0.0,2,2,4,28.2,3
83.29,49.41,1.0,1,1,2,67.05,2
70.8,61.42,1.0,2,3,2,56.87,2
77.32,54.75,1.0,0,2,2,70.24,2
53.39,23.12,1.0,4,1,5,34.89,4
70.89,16.77,1.0,0,1,1,53.58,1
100.0,89.58,1.0,0,3,1,88.27,2
100.0,70.29,1.0,0,2,1,79.76,2
68.28,54.21,1.0,2,4,2,59.29,2
78.84,56.6,1.0,0,3,2,61.18,2
76.03,37.86,1.0,0,4,1,63.75,1
72.2,53.5,1.0,0,2,1,61.04,1
63.14,56.74,1.0,1,3,2,54.75,2
29.17,19.26,1.0,3,4,4,26.49,3
100.0,64.33,1.0,1,1,1,77.52,2
66.6,25.08,1.0,0,2,3,61.08,2
91.95,82.66,1.0,0,2,2,88.37,3
64.09,40.92,1.0,1,3,3,51.8,3
83.65,73.5,1.0,0,1,5,74.47,5
76.37,65.33,1.0,0,1,3,69.52,3
71.28,49.58,1.0,0,5,2,58.48,2
66.04,41.02,1.0,0,3,3,64.52,3
82.22,35.59,1.0,0,1,2,70.75,2
66.9,30.91,1.0,1,1,1,49.44,1
57.33,13.47,1.0,0,2,4,51.88,3
52.1,47.7,1.0,3,2,3,38.39,2
59.45,56.73,1.0,0,3,3,57.56,2
100.0,75.68,1.0,0,1,1,81.6,2
83.33,55.28,1.0,0,1,2,68.69,2
60.49,17.63,0.0,2,4,3,21.68,2
50.12,33.99,1.0,3,3,3,36.01,2
70.42,52.57,1.0,1,1,3,63.02,3
67.17,55.6,1.0,0,2,5,59.88,5
69.93,25.46,1.0,1,4,3,43.73,2
55.49,25.69,0.0,0,2,1,29.94,1
51.52,71.98,1.0,3,4,2,48.98,1
53.49,17.2,0.0,4,3,5,12.84,4
95.39,63.7,1.0,0,1,2,77.96,3
72.56,28.02,1.0,1,2,3,65.68,2
45.34,10.0,1.0,3,7,2,27.65,1
83.94,94.37,1.0,0,1,2,75.74,2
63.73,45.91,1.0,1,3,4,61.25,4
56.88,37.46,1.0,1,3,3,47.27,2
46.03,20.17,1.0,3,1,5,32.32,4
47.16,17.46,1.0,1,1,4,33.88,3
75.31,32.31,1.0,0,1,2,62.02,2
80.77,36.43,1.0,0,3,1,63.36,1
82.71,50.44,1.0,0,2,3,76.04,3
70.24,47.03,1.0,0,1,2,66.47,2
68.48,60.79,1.0,0,2,1,71.04,1
63.21,48.74,1.0,1,1,5,51.43,5
80.86,57.21,1.0,0,1,2,76.76,2
61.69,60.28,0.0,0,4,5,49.09,4
100.0,67.21,1.0,0,1,1,92.01,2
80.91,85.46,1.0,0,5,1,77.62,1
48.41,34.98,1.0,4,1,4,32.95,3
60.8,73.88,1.0,0,1,2,70.58,2
35.19,42.51,1.0,1,5,4,41.8,3
27.8,10.59,0.0,3,3,5,2.78,4
86.75,60.67,1.0,0,3,1,73.54,2
50.5,39.46,1.0,2,1,3,47.72,2
60.49,42.32,1.0,2,2,5,56.76,5
79.49,42.67,1.0,0,1,3,60.55,3
73.89,56.66,1.0,1,2,3,65.77,3
63.01,41.01,1.0,1,2,3,59.1,3
59.24,33.14,0.0,0,3,4,29.42,3
48.46,18.96,1.0,3,4,3,29.11,2
56.53,37.1,1.0,1,2,5,47.57,4
92.44,73.67,1.0,0,2,1,79.58,2
90.12,41.81,1.0,0,1,1,75.37,1
71.37,29.47,1.0,1,2,3,55.17,2
86.62,67.01,1.0,0,2,3,69.49,4
55.38,27.49,1.0,2,4,3,41.5,2
93.13,63.93,1.0,1,2,2,71.77,3
83.27,82.57,1.0,0,2,1,83.96,1
55.73,44.47,0.0,0,3,4,35.91,3
100.0,74.77,1.0,0,2,2,91.15,3
69.77,65.39,1.0,2,2,2,59.45,2
64.46,49.84,1.0,0,1,3,57.32,3
87.7,62.68,1.0,0,2,2,70.8,3
56.64,49.31,1.0,0,2,3,65.64,2
100.0,86.78,1.0,0,2,1,90.47,2
65.89,50.24,1.0,2,4,2,52.33,2
67.65,43.78,1.0,2,2,4,45.84,4
56.92,69.76,1.0,1,3,5,56.77,4
82.22,73.5,1.0,0,2,2,79.81,2
67.89,35.85,1.0,0,1,2,66.32,2
34.6,37.04,0.0,2,4,4,21.62,3
41.1,10.0,1.0,2,2,4,31.07,3
49.96,38.27,0.0,2,2,5,20.91,4
99.44,75.14,1.0,0,3,1,88.67,2
56.61,66.48,1.0,1,1,1,62.77,1
65.3,36.47,1.0,1,3,3,59.48,3
72.73,54.32,1.0,0,3,2,59.89,2
77.07,75.47,1.0,0,1,4,73.15,4
100.0,76.97,1.0,0,1,1,87.17,2
43.31,35.61,0.0,1,3,4,25.16,3
41.89,40.78,1.0,2,3,4,40.66,3
71.72,58.81,1.0,0,2,2,64.24,2
67.97,36.2,0.0,1,2,2,44.19,1
51.21,22.82,1.0,2,3,2,38.57,1
78.42,40.22,1.0,0,2,4,57.86,4
67.6,42.23,1.0,0,3,5,56.12,5
54.82,23.9,0.0,4,3,4,21.8,3
58.95,42.41,0.0,0,2,3,31.8,2
44.53,52.18,1.0,2,2,5,45.82,4
58.23,33.74,0.0,1,7,3,30.37,2
27.35,34.32,0.0,2,2,5,17.29,4
72.16,23.51,1.0,0,2,2,57.56,1
91.92,77.7,1.0,0,2,1,83.39,2
77.48,57.81,1.0,0,2,2,70.35,2
64.44,63.59,0.0,0,1,3,42.05,2
57.64,47.41,0.0,2,2,2,31.49,1
97.34,77.68,1.0,1,1,1,79.05,2
83.07,70.25,1.0,0,2,2,73.47,2
35.75,10.0,1.0,1,2,4,37.6,3
100.0,82.0,1.0,0,1,1,86.67,2
72.23,35.48,0.0,1,2,2,35.91,1
41.62,35.08,0.0,3,2,4,18.6,3
75.48,66.06,1.0,0,1,2,70.65,2
95.58,82.0,1.0,0,1,1,83.98,2
60.74,45.33,1.0,1,3,2,55.51,2
72.14,57.33,1.0,0,4,2,64.88,2
50.22,29.47,1.0,3,4,4,42.06,3
90.34,63.8,1.0,0,1,2,75.99,3
79.55,60.59,1.0,0,2,3,63.9,3
78.71,64.93,1.0,0,2,1,69.19,1
66.71,65.3,1.0,2,4,4,56.46,4
98.33,95.15,1.0,0,1,2,85.21,3
93.1,76.4,1.0,0,3,3,79.82,4
31.62,18.19,0.0,2,4,5,3.36,4
65.13,46.55,0.0,0,2,5,42.77,4
23.59,12.0,0.0,1,6,5,7.43,4
48.54,28.42,1.0,2,7,5,39.31,4
66.16,51.42,1.0,1,1,2,65.05,2
61.94,26.13,1.0,0,3,2,50.96,1
31.46,10.0,0.0,3,3,4,8.22,3
78.82,66.4,1.0,0,2,1,74.08,1
84.83,50.22,1.0,0,3,3,75.6,3
67.15,38.17,1.0,0,3,3,70.26,3
100.0,90.0,1.0,0,1,1,83.67,2
88.61,79.9,1.0,0,2,3,80.78,4
19.15,10.74,0.0,3,2,5,0.0,4
78.77,64.58,1.0,0,2,1,70.9,1
67.26,56.21,0.0,1,2,3,40.98,2
73.38,55.46,1.0,1,2,3,62.96,3
79.5,69.05,1.0,0,2,1,72.68,1
35.1,31.67,0.0,2,7,4,21.59,3
59.4,19.95,1.0,0,1,3,49.03,2
64.91,30.41,1.0,1,3,2,50.39,2
72.59,29.18,1.0,0,1,1,57.86,1
74.69,50.25,1.0,1,2,3,60.36,3
55.97,36.46,1.0,1,1,3,50.35,2
72.3,95.48,1.0,0,1,3,72.87,3
70.57,48.16,1.0,2,1,3,52.1,3
65.5,28.84,1.0,1,2,1,63.59,1
60.84,10.0,1.0,0,3,2,48.42,1
75.53,61.53,1.0,1,4,1,64.05,1
90.53,62.67,1.0,0,1,1,73.16,2
85.24,44.05,1.0,0,3,2,70.77,2
64.5,53.43,1.0,1,1,2,60.8,2
61.34,46.65,1.0,0,3,1,62.08,1
60.84,41.56,1.0,1,1,5,56.91,5
39.4,23.66,1.0,3,2,5,27.76,4
80.39,53.77,1.0,1,1,3,61.51,3
84.08,84.08,1.0,1,1,2,70.44,2
44.43,34.79,1.0,1,2,3,40.97,2
65.19,62.43,1.0,2,1,2,57.68,2
100.0,62.61,1.0,0,1,4,81.54,5
67.43,28.76,1.0,0,1,3,54.92,2
63.48,41.55,1.0,0,2,1,56.57,1
83.17,60.59,1.0,1,3,2,72.54,2
91.81,54.39,1.0,0,2,2,80.62,2
72.58,51.9,1.0,1,2,3,63.87,3
64.18,34.67,1.0,1,2,2,53.25,2
73.6,44.42,1.0,1,2,3,58.87,3
80.78,69.55,1.0,0,2,1,73.76,1
82.52,41.3,1.0,0,2,1,65.48,1
37.62,28.8,0.0,1,4,2,12.57,1
89.3,77.75,1.0,0,1,1,71.29,2
44.27,40.08,0.0,3,2,4,15.39,3
52.32,32.96,0.0,2,3,2,22.58,1
57.89,55.85,1.0,0,4,2,59.82,1
43.12,39.23,1.0,4,3,4,35.73,3
62.42,61.38,1.0,0,3,2,68.01,2
50.45,28.53,1.0,1,2,3,46.03,2
84.59,73.84,1.0,0,1,2,77.26,2
65.78,44.09,1.0,1,2,3,60.81,3
89.97,61.95,1.0,0,1,2,75.26,3
83.76,74.35,1.0,0,1,4,74.06,4
52.91,46.42,1.0,2,7,3,48.86,2
65.91,30.2,1.0,2,1,1,46.8,1
77.29,76.68,1.0,0,1,2,74.31,2
86.59,62.02,1.0,0,1,2,73.68,3
94.54,77.15,1.0,0,1,2,81.72,3
81.83,64.06,1.0,0,3,1,74.6,1
74.59,33.95,1.0,1,1,3,57.08,3
69.03,41.85,1.0,2,1,3,46.31,3
57.4,41.0,1.0,0,4,3,58.77,2
58.15,47.0,1.0,1,4,5,56.52,4
39.17,28.7,1.0,4,2,5,30.49,4
36.66,45.01,0.0,4,5,4,8.87,3
68.75,40.82,1.0,1,2,2,57.92,2
76.59,64.32,1.0,0,4,2,74.46,2
60.39,24.63,0.0,0,1,2,29.97,1
53.51,63.85,1.0,2,2,4,46.78,3
80.71,75.81,1.0,0,2,2,70.12,2
34.14,24.84,0.0,2,3,3,18.77,2
46.76,45.09,0.0,3,5,3,20.37,2
45.46,10.16,1.0,4,2,3,31.07,2
58.19,33.38,1.0,0,1,3,54.77,2
85.6,44.75,1.0,0,2,2,71.52,2
69.15,69.53,1.0,0,3,2,71.37,2
64.4,34.62,1.0,1,2,2,56.91,2
58.96,54.46,1.0,2,3,4,57.8,3
68.8,37.26,1.0,1,3,2,62.89,2
75.82,40.38,1.0,0,2,1,73.51,1
76.95,44.84,1.0,0,3,3,69.66,3
62.16,62.48,1.0,2,3,5,57.29,5
35.18,32.29,1.0,3,2,4,23.89,3
67.76,45.31,1.0,2,5,1,53.07,1
82.24,57.84,1.0,0,2,1,71.67,1
80.52,51.91,1.0,0,2,2,69.96,2
46.14,24.39,1.0,3,2,5,33.94,4
54.53,53.55,0.0,4,4,1,27.72,1
61.98,48.67,1.0,1,3,5,57.87,5
76.56,60.04,1.0,1,2,2,64.71,2
75.21,67.11,1.0,0,3,2,72.27,2
42.4,37.39,1.0,4,2,3,27.62,2
65.13,36.9,1.0,0,3,1,55.33,1
57.17,27.41,1.0,1,2,2,43.4,1
71.39,48.49,1.0,2,1,2,53.57,2
71.06,47.94,1.0,1,3,2,63.04,2
69.15,58.02,1.0,1,2,4,63.0,4
79.74,53.08,1.0,0,3,1,67.38,1
100.0,96.95,1.0,0,1,1,93.44,2
72.24,66.57,1.0,0,2,1,68.17,1
77.08,57.82,1.0,0,4,3,79.78,3
83.98,78.32,1.0,0,2,2,81.54,2
69.63,92.27,1.0,1,2,4,66.89,4
64.71,70.97,1.0,0,2,4,63.61,4
89.54,69.69,1.0,0,1,5,74.93,5
74.31,38.18,1.0,0,2,3,58.36,3
88.2,71.19,1.0,0,2,1,77.14,2
100.0,76.07,1.0,0,1,1,82.97,2
71.53,42.05,1.0,2,1,3,53.27,3
100.0,79.59,1.0,0,1,1,80.9,2
86.19,61.92,1.0,0,2,2,72.86,3
93.27,46.37,1.0,0,1,1,68.53,1
100.0,87.23,1.0,0,2,1,91.38,2
91.31,85.68,1.0,0,1,3,86.95,4
67.36,41.27,1.0,1,3,2,55.73,2
100.0,62.54,1.0,0,1,1,80.3,2
72.51,56.29,1.0,0,1,3,70.45,3
68.54,50.89,1.0,1,1,5,64.48,5
71.59,33.53,1.0,2,2,1,50.49,1
29.82,15.37,0.0,3,4,5,1.78,4
43.82,31.54,0.0,3,3,4,13.59,3
41.91,10.0,0.0,3,4,4,11.13,3
58.01,36.12,0.0,1,2,4,34.33,3
67.55,67.66,1.0,1,3,3,57.67,3
69.88,56.62,1.0,0,1,1,65.06,1
71.23,47.71,1.0,0,5,3,59.78,3
54.74,32.88,1.0,4,3,3,38.47,2
84.31,63.56,1.0,0,1,2,68.69,2
40.47,47.47,0.0,1,1,4,25.04,3
42.94,21.75,0.0,1,2,3,21.93,2
76.68,59.02,1.0,1,3,2,64.82,2
77.02,54.07,1.0,0,1,2,68.2,2
74.14,54.84,1.0,1,2,2,59.06,2
85.24,61.44,1.0,0,2,1,73.34,2
47.03,16.8,0.0,4,1,3,13.97,2
63.69,44.59,1.0,1,3,4,51.21,4
100.0,65.5,1.0,0,1,1,78.41,2
95.12,83.5,1.0,0,1,1,77.54,2
63.62,24.69,1.0,1,2,2,50.31,1
68.92,67.68,1.0,0,6,4,66.44,4
42.64,25.6,1.0,3,4,4,33.87,3
67.2,47.33,1.0,0,3,3,63.32,3
85.03,44.13,1.0,0,2,1,70.16,1
73.35,48.03,1.0,0,4,1,76.57,1
67.93,79.78,1.0,0,3,3,75.58,3
76.29,24.49,1.0,1,1,2,44.47,1
49.41,35.77,1.0,3,3,2,36.83,1
68.65,55.76,1.0,2,1,1,58.76,1
77.35,28.29,1.0,0,2,3,69.42,2
100.0,100.0,1.0,0,1,2,92.81,3
57.6,43.28,1.0,0,6,3,61.69,2
80.63,71.73,1.0,0,1,2,80.45,2
83.0,52.69,1.0,0,1,1,63.39,1
50.28,30.6,1.0,3,4,4,37.33,3
98.92,88.52,1.0,0,1,3,87.02,4
46.92,26.61,0.0,2,3,5,11.45,4
58.68,36.2,1.0,1,4,3,48.44,2
65.04,72.44,1.0,2,1,1,57.04,1
68.93,59.58,1.0,0,1,1,66.36,1
68.56,49.91,1.0,1,1,4,63.39,4
70.24,48.1,0.0,1,2,1,34.33,1
97.72,85.53,1.0,0,1,1,76.64,2
64.04,52.64,1.0,2,1,3,49.54,3
85.96,68.25,1.0,0,2,1,76.59,2
58.97,39.28,1.0,0,5,5,58.88,4
100.0,57.81,1.0,0,1,2,76.52,2
80.41,39.96,0.0,0,2,1,47.62,1
80.33,70.97,1.0,0,2,1,79.09,1
75.71,38.25,0.0,0,3,1,43.49,1
35.23,33.44,0.0,1,1,4,19.59,3
70.17,28.88,1.0,1,2,5,53.35,4
59.09,52.72,1.0,0,2,5,56.76,4
69.1,37.09,1.0,2,2,1,54.41,1
82.54,58.21,1.0,0,3,1,75.62,1
56.39,21.47,1.0,0,3,5,48.71,4
82.12,70.53,1.0,0,2,2,71.77,2
77.56,49.67,1.0,0,2,2,67.62,2
59.14,19.07,1.0,2,2,1,53.26,1
38.36,31.26,1.0,2,3,5,40.64,4
76.76,73.17,1.0,0,4,3,77.59,3
85.87,56.01,1.0,1,3,1,70.43,1
69.42,35.23,1.0,1,3,4,58.58,4
65.16,44.19,1.0,1,4,3,55.22,3
100.0,99.79,1.0,0,1,1,94.25,2
100.0,61.4,1.0,0,1,2,84.76,3
62.95,55.16,1.0,1,1,2,61.51,2
61.76,27.59,1.0,1,2,2,58.54,1
75.29,69.31,1.0,0,3,2,74.52,2
52.39,57.12,0.0,4,3,4,22.05,3
81.25,34.52,1.0,0,1,2,63.57,2
92.85,81.27,1.0,0,2,1,88.51,2
75.46,48.23,1.0,0,2,1,68.56,1
59.53,47.92,1.0,0,2,4,56.64,3
93.17,84.78,1.0,0,2,2,82.19,3
61.67,54.09,1.0,1,1,2,52.05,2
33.6,53.3,0.0,1,5,3,20.57,2
91.09,60.94,1.0,0,1,1,76.98,2
78.4,45.76,1.0,0,1,3,66.3,3
48.18,10.0,0.0,1,2,2,22.79,1
100.0,80.1,1.0,0,1,1,87.4,2
61.96,45.51,0.0,2,2,3,37.2,2
64.8,46.03,1.0,2,3,1,51.61,1
41.93,50.96,0.0,1,3,4,22.99,3
66.02,21.64,1.0,1,1,2,56.05,1
66.03,61.48,1.0,1,2,2,59.45,2
60.91,47.26,1.0,1,1,2,58.75,2
40.7,42.93,1.0,3,5,5,30.71,4
77.92,65.36,0.0,0,2,2,54.93,1
63.56,57.56,0.0,0,4,1,46.95,1
67.83,58.14,1.0,2,4,3,59.39,3
51.21,26.8,1.0,4,5,4,29.53,3
76.21,49.77,1.0,0,2,3,65.43,3
91.17,75.88,1.0,0,1,2,83.01,3
65.81,62.49,1.0,2,1,2,50.94,2
89.36,73.33,1.0,0,2,2,77.78,3
89.14,73.67,1.0,0,2,2,75.36,3
91.14,69.91,1.0,0,1,3,76.89,4
87.23,75.09,1.0,1,1,1,72.7,2
52.41,44.02,1.0,3,2,3,37.96,2
56.27,59.46,0.0,1,1,2,34.68,1
60.73,35.83,1.0,0,2,2,53.43,2
97.79,77.07,1.0,0,2,1,80.5,2
90.71,71.85,1.0,0,1,1,75.51,2
74.78,64.5,1.0,0,1,3,74.49,3
49.14,23.72,1.0,2,4,4,39.78,3
66.61,10.91,1.0,0,1,2,48.12,1
54.27,27.71,0.0,3,4,2,20.98,1
86.08,70.87,1.0,0,2,1,74.04,2
89.76,98.9,1.0,0,2,2,86.95,3
96.7,70.46,1.0,0,1,2,79.83,3
89.1,54.65,1.0,0,1,2,79.67,2
62.37,14.42,1.0,1,1,5,47.84,4
97.92,95.06,1.0,0,1,2,88.04,3
94.86,91.14,1.0,0,1,1,84.74,2
79.42,62.67,1.0,0,3,3,68.2,3
66.66,55.52,1.0,1,2,3,67.56,3
76.09,54.53,1.0,0,2,4,67.58,4
63.44,39.96,1.0,1,2,1,56.23,1
52.16,53.56,0.0,3,4,2,30.41,1
90.01,44.79,1.0,0,1,3,70.84,3
64.43,20.37,0.0,1,2,4,28.62,3
76.72,60.92,1.0,0,2,2,77.01,2
80.59,70.32,1.0,0,1,1,64.78,1
68.24,55.13,1.0,0,3,1,62.62,1
77.19,80.51,1.0,0,2,2,72.74,2
64.44,34.96,1.0,0,5,2,62.53,2
73.61,46.04,0.0,0,3,3,41.17,2
47.78,17.92,1.0,3,2,2,35.04,1
83.26,58.58,1.0,0,2,1,69.32,1
59.8,39.05,0.0,0,2,3,36.92,2
66.81,10.8,1.0,0,2,4,57.9,3
86.24,71.84,1.0,0,2,1,77.23,2
100.0,86.68,1.0,1,1,2,87.28,3
75.32,59.15,1.0,0,1,1,66.58,1
63.12,37.3,1.0,0,1,4,63.07,4
46.8,11.77,1.0,4,4,4,27.96,3
67.41,56.48,1.0,1,3,2,60.61,2
76.53,39.36,1.0,0,1,1,62.7,1
82.03,57.39,1.0,0,1,3,64.87,3
100.0,65.52,1.0,0,2,2,78.79,3
71.52,46.7,1.0,2,1,2,48.35,2
96.06,73.47,1.0,0,2,1,84.86,2
83.52,89.29,1.0,0,2,3,84.14,3
47.54,22.9,1.0,2,3,5,35.01,4
62.59,57.13,1.0,2,2,5,50.65,5
39.47,12.79,1.0,2,3,4,32.78,3
74.89,46.67,1.0,1,1,3,66.07,3
100.0,75.1,1.0,0,2,1,97.12,2
54.89,42.81,0.0,1,4,3,27.02,2
99.1,78.85,1.0,0,2,1,87.32,2
46.0,23.51,0.0,4,2,3,10.23,2
42.26,37.63,1.0,4,3,5,25.49,4
85.78,40.35,1.0,0,1,3,67.77,3
51.93,44.56,1.0,4,5,4,41.22,3
86.98,53.4,1.0,0,3,1,69.48,1
56.91,53.12,1.0,0,4,5,56.92,4
93.98,53.65,1.0,0,1,1,75.11,1
72.38,37.42,1.0,1,1,3,62.91,3
77.4,69.85,1.0,0,3,2,79.61,2
63.02,45.88,1.0,2,1,3,49.89,3
71.15,71.55,1.0,2,1,1,62.21,1
77.17,71.76,1.0,0,2,1,68.13,1
72.75,34.56,1.0,0,1,4,61.41,4
100.0,92.22,1.0,0,1,1,90.15,2
90.85,100.0,1.0,0,1,2,88.35,3
100.0,94.6,1.0,0,1,1,86.51,2
83.29,63.27,1.0,0,1,1,73.08,1
79.31,37.63,1.0,0,2,1,67.88,1
66.76,70.65,1.0,1,2,5,64.29,5
78.99,48.82,1.0,0,1,1,66.83,1
66.71,32.24,1.0,1,2,1,54.32,1
61.26,33.4,1.0,1,2,4,48.93,4
95.52,92.01,1.0,0,1,1,82.35,2
60.3,28.68,1.0,2,3,5,42.25,4
50.08,48.79,0.0,4,4,3,15.04,2
74.94,55.53,1.0,1,1,3,66.9,3
43.99,10.0,0.0,2,4,3,6.98,2
65.06,53.08,1.0,1,2,2,61.64,2
64.78,23.15,1.0,2,1,1,49.14,1
65.85,67.71,1.0,2,2,2,60.88,2
62.46,39.33,1.0,0,1,1,59.32,1
67.25,35.99,1.0,0,3,2,60.68,2
87.96,42.13,0.0,1,1,1,45.76,1
72.97,21.2,1.0,1,2,3,49.9,2
87.74,73.25,1.0,0,1,2,78.26,3
72.22,59.16,1.0,0,2,1,69.13,1
65.16,40.57,1.0,1,1,3,55.78,3
57.05,49.09,1.0,2,4,2,49.17,1
63.23,55.38,1.0,2,4,2,58.39,2
68.19,45.03,1.0,1,2,2,60.57,2
72.38,43.48,1.0,1,1,2,58.42,2
94.57,65.65,1.0,0,2,1,78.27,2
59.46,28.8,1.0,0,2,4,53.61,3
61.5,47.42,1.0,1,2,3,55.31,3
93.11,62.06,1.0,0,3,2,81.73,3
91.02,75.62,1.0,0,1,3,81.42,4
62.77,70.55,1.0,1,2,2,60.96,2
85.76,53.63,1.0,0,1,1,67.6,1
65.15,55.97,1.0,0,1,3,67.95,3
80.18,40.91,1.0,0,4,3,65.61,3
90.02,62.47,1.0,0,3,1,77.51,2
87.5,41.9,1.0,1,1,2,62.32,2
69.03,71.87,1.0,1,3,3,68.3,3
62.98,35.39,1.0,1,3,3,53.03,3
84.16,59.18,1.0,0,2,1,75.2,1
72.6,48.4,1.0,2,4,1,58.43,1
74.69,39.48,1.0,1,3,1,58.59,1
81.3,28.64,1.0,0,2,1,71.17,1
66.74,77.95,1.0,0,3,3,67.5,3
81.82,43.44,1.0,0,1,2,60.35,2
44.25,26.27,1.0,2,2,2,37.51,1
65.97,53.3,1.0,2,4,1,50.04,1
48.15,61.43,1.0,3,2,5,36.32,4
45.3,30.22,1.0,1,5,4,44.25,3
79.13,71.62,1.0,0,2,2,81.82,2
34.78,32.38,0.0,2,5,5,14.14,4
53.39,44.39,1.0,1,2,2,52.61,1
63.8,30.23,1.0,0,3,1,55.24,1
80.22,79.09,1.0,0,1,2,69.48,2
31.64,15.15,0.0,1,2,5,16.84,4
100.0,100.0,1.0,0,1,1,86.97,2
57.33,54.5,1.0,0,2,2,60.97,1
75.96,61.09,1.0,0,1,2,75.93,2
93.46,65.55,1.0,0,1,3,87.74,4
72.98,83.41,1.0,2,2,1,63.47,1
57.31,10.41,1.0,0,6,5,42.39,4
72.07,21.93,1.0,1,1,3,59.98,2
63.13,86.15,1.0,1,2,2,68.47,2
43.04,15.02,1.0,2,3,3,33.86,2
24.97,10.0,0.0,3,4,4,0.0,3
78.1,86.66,1.0,0,1,2,75.71,2
70.8,48.46,1.0,2,3,1,55.72,1
35.89,29.98,1.0,2,2,5,40.74,4
85.39,63.15,1.0,0,1,2,70.91,3
86.74,57.46,1.0,0,1,1,69.37,1
99.07,90.9,1.0,0,1,1,83.73,2
65.66,56.99,1.0,0,1,3,65.47,3
62.35,77.8,1.0,2,3,5,66.64,5
28.36,35.68,0.0,4,7,3,11.12,2
78.92,48.2,1.0,0,1,1,64.28,1
61.7,81.26,1.0,0,2,4,77.21,4
75.74,53.45,1.0,0,6,2,66.68,2
61.74,26.22,1.0,0,3,3,48.47,2
39.18,21.64,1.0,4,5,5,25.28,4
62.43,31.19,1.0,1,3,3,54.13,3
51.52,13.23,1.0,4,3,3,27.38,2
64.54,60.18,1.0,0,2,3,63.88,3
92.82,46.53,1.0,1,2,1,65.18,1
100.0,75.88,1.0,0,1,1,79.91,2
66.87,45.73,0.0,2,1,2,27.66,1
78.31,41.18,1.0,0,1,1,71.91,1
82.62,60.52,1.0,0,4,3,69.24,3
94.08,82.27,1.0,0,1,1,90.34,2
71.82,64.22,0.0,0,2,1,51.49,1
65.82,35.36,1.0,2,4,1,49.5,1
63.14,36.4,1.0,1,3,3,58.02,3
78.51,64.91,1.0,0,1,2,74.21,2
72.71,65.4,1.0,0,3,2,61.13,2
57.78,54.48,1.0,0,3,3,61.26,2
65.63,45.09,1.0,1,2,2,54.44,2
82.26,30.25,1.0,0,1,2,76.34,2
81.94,64.82,1.0,0,2,1,76.9,1
71.23,54.6,1.0,0,2,2,61.61,2
88.37,66.73,1.0,0,2,1,78.52,2
61.09,32.44,1.0,1,2,3,53.59,3
10.22,10.0,0.0,4,6,5,0.0,4
72.4,32.89,1.0,0,2,2,65.54,2
81.39,46.96,1.0,0,2,3,68.08,3
74.95,48.6,1.0,1,2,1,55.82,1
53.74,52.81,1.0,3,2,3,50.03,2
43.77,26.22,0.0,3,4,5,15.25,4
58.55,42.4,1.0,0,2,3,53.33,2
100.0,69.31,1.0,0,1,1,81.28,2
63.36,75.83,0.0,0,3,1,42.51,1
62.88,42.57,1.0,0,2,2,45.93,2
87.9,69.81,1.0,0,1,1,73.61,2
51.43,42.52,0.0,1,2,3,30.84,2
90.26,55.39,1.0,0,1,1,74.67,1
55.48,31.73,0.0,0,5,4,34.91,3
67.56,40.83,1.0,0,1,1,63.44,1
64.87,39.47,1.0,1,3,3,57.06,3
79.03,72.32,1.0,0,2,2,70.38,2
96.88,59.34,1.0,0,1,3,81.58,3
54.84,29.12,1.0,2,3,3,48.0,2
86.78,55.26,1.0,1,2,2,67.2,2
61.85,44.41,1.0,1,2,3,52.84,3
73.15,43.67,1.0,2,4,2,51.23,2
58.95,36.94,1.0,0,2,3,58.52,2
83.0,62.33,1.0,0,3,2,72.71,2
75.31,49.11,1.0,1,4,1,64.09,1
82.99,74.26,1.0,0,1,1,80.2,1
69.49,42.69,0.0,1,3,2,31.07,1
80.5,32.67,1.0,1,1,3,59.76,3
60.39,14.3,0.0,1,2,3,30.0,2
87.34,41.21,1.0,0,1,1,69.83,1
48.98,39.85,1.0,2,4,4,46.7,3
85.66,44.71,1.0,0,1,2,65.87,2
62.79,39.88,1.0,1,9,2,59.79,2
78.34,41.94,1.0,0,1,4,64.98,4
89.4,92.89,1.0,0,1,2,80.0,3
65.39,15.94,1.0,1,2,2,49.59,1
80.4,50.07,1.0,0,3,1,74.89,1
68.7,19.81,1.0,0,3,3,57.82,2
48.24,20.92,0.0,1,5,2,23.58,1
62.41,39.08,1.0,2,2,3,48.47,3
69.96,40.65,1.0,0,1,2,65.01,2
65.16,28.97,1.0,0,5,5,63.88,4
47.44,10.0,0.0,4,3,2,9.25,1
90.14,59.29,1.0,0,2,3,72.35,3
93.9,63.54,1.0,0,1,1,71.76,2
48.87,40.08,1.0,1,2,3,52.66,2
58.72,48.94,0.0,1,3,5,38.04,4
57.47,53.54,1.0,1,4,4,54.95,3
79.24,66.96,1.0,0,2,2,70.24,2
75.76,47.1,1.0,0,3,2,68.45,2
100.0,58.31,1.0,1,3,1,72.5,1
55.19,24.32,1.0,0,3,2,45.88,1
72.71,53.27,1.0,0,1,2,62.44,2
43.04,36.14,0.0,1,5,5,23.89,4
43.8,38.09,0.0,4,3,3,18.17,2
66.0,71.27,0.0,0,2,2,54.49,1
71.2,52.04,1.0,0,1,3,67.82,3
68.89,65.84,1.0,2,3,1,51.99,1
73.64,59.64,1.0,1,1,1,72.84,1
75.42,42.47,1.0,0,3,1,65.83,1
43.85,18.13,0.0,2,6,4,12.59,3
63.77,62.03,0.0,0,2,3,47.26,2
59.6,42.44,1.0,0,2,2,51.19,1
42.84,39.73,1.0,3,5,5,32.62,4
72.34,56.64,1.0,2,1,3,59.43,3
60.54,44.91,1.0,0,1,2,56.11,2
42.69,32.88,1.0,1,5,4,48.01,3
81.36,59.56,1.0,0,1,1,71.36,1
91.08,75.13,1.0,0,1,3,80.76,4
49.97,42.36,0.0,4,3,5,14.41,4
24.06,12.17,0.0,1,7,4,7.75,3
52.25,43.17,0.0,2,1,3,24.41,2
90.25,33.38,1.0,1,2,2,62.44,2
60.0,40.49,1.0,1,2,2,54.92,1
100.0,79.66,1.0,0,2,1,85.2,2
96.3,51.35,1.0,0,2,2,71.96,2
100.0,68.58,1.0,0,1,1,87.74,2
62.6,60.7,1.0,2,3,4,55.71,4
26.42,26.43,0.0,3,4,5,10.23,4
95.01,39.12,1.0,0,1,1,71.05,1
88.43,56.19,1.0,0,1,1,68.58,1
63.72,30.56,1.0,1,2,2,53.58,2
85.32,53.41,1.0,0,3,5,73.81,5
65.83,39.69,1.0,2,3,2,52.63,2
74.51,70.03,1.0,0,3,1,72.4,1
52.25,10.0,0.0,4,8,3,12.61,2
73.89,50.33,1.0,1,2,3,56.4,3
49.17,19.8,1.0,4,3,5,35.42,4
57.2,42.95,1.0,1,2,1,51.25,1
81.36,74.44,1.0,0,1,2,80.49,2
90.18,72.63,1.0,1,2,1,77.05,2
66.42,54.54,1.0,1,3,2,62.51,2
81.01,76.07,1.0,0,2,3,69.33,3
61.37,20.26,1.0,0,3,2,57.3,1
77.25,71.19,1.0,0,3,1,70.7,1
93.06,62.06,1.0,0,1,3,77.21,4
70.5,66.6,1.0,0,2,2,72.82,2
67.97,37.68,1.0,0,4,1,60.63,1
92.75,67.31,1.0,0,2,1,82.4,2
88.24,51.77,1.0,0,1,1,75.86,1
67.96,42.06,1.0,1,2,2,50.03,2
93.79,54.1,1.0,0,2,1,77.58,1
93.65,84.43,1.0,0,1,1,73.34,2
88.89,66.44,1.0,0,3,1,72.76,2
90.65,66.3,1.0,0,1,5,78.83,5
66.56,25.06,1.0,1,2,3,54.5,2
60.95,41.72,1.0,2,4,5,47.8,5
79.37,57.88,1.0,0,2,1,65.09,1
91.45,64.98,1.0,0,1,2,77.48,3
76.1,48.75,1.0,0,1,1,66.23,1
99.03,69.4,1.0,0,1,1,80.63,2
55.01,47.34,0.0,0,2,4,33.84,3
69.63,57.45,1.0,2,1,2,57.89,2
100.0,54.75,1.0,0,1,1,78.85,1
80.95,40.64,1.0,1,2,1,68.29,1
71.52,46.8,1.0,0,3,5,71.32,5
82.32,54.36,1.0,0,1,3,67.43,3
59.05,50.93,1.0,1,2,3,56.19,2
47.43,38.03,0.0,4,3,3,9.69,2
48.52,10.0,0.0,3,1,3,18.22,2
82.96,68.17,1.0,1,1,1,76.93,1
70.83,65.54,1.0,2,4,2,58.54,2
87.48,38.46,1.0,0,1,3,70.11,3
98.57,61.29,1.0,0,1,1,90.84,2
60.38,60.73,1.0,0,3,5,65.63,5
69.23,48.04,1.0,1,2,3,55.44,3
24.81,10.0,0.0,1,5,5,8.13,4
82.35,47.11,1.0,1,3,2,63.51,2
43.08,10.03,1.0,3,1,2,30.62,1
100.0,95.65,1.0,0,1,1,83.15,2
47.35,24.71,0.0,3,2,4,20.16,3
72.92,42.88,1.0,0,4,1,68.03,1
54.42,46.17,1.0,3,3,1,46.17,1
95.61,84.5,1.0,0,1,1,75.3,2
99.09,89.14,1.0,0,1,3,85.27,4
78.15,84.4,1.0,0,3,2,71.29,2
67.67,43.03,1.0,1,2,2,53.64,2
87.41,73.27,1.0,1,2,2,69.18,3
58.67,35.23,1.0,1,3,5,49.79,4
65.21,46.33,1.0,1,1,1,57.12,1
89.71,67.45,1.0,0,1,2,75.5,3
82.31,65.37,1.0,0,3,2,77.99,2
87.63,46.76,1.0,0,1,2,71.2,2
54.97,66.01,1.0,2,1,4,55.94,3
58.37,20.81,1.0,1,3,2,52.46,1
69.11,23.48,1.0,1,1,3,51.49,2
80.95,66.14,1.0,0,3,2,67.47,2
80.82,56.27,1.0,0,1,2,70.41,2
85.81,63.91,1.0,0,2,2,74.07,3
71.86,54.12,1.0,1,1,1,52.03,1
84.24,34.27,1.0,0,1,2,64.35,2
58.81,54.57,1.0,0,3,4,58.85,3
59.0,54.72,1.0,0,1,5,65.2,4
31.93,10.0,0.0,1,3,5,17.12,4
85.86,58.79,1.0,0,2,3,85.16,3
57.72,46.23,1.0,1,2,3,56.88,2
63.07,53.53,1.0,1,4,2,55.63,2
63.25,66.39,1.0,1,6,2,62.71,2
61.3,60.22,1.0,0,1,2,59.04,2
48.28,26.55,0.0,2,2,5,15.8,4
53.67,40.92,1.0,3,2,3,48.6,2
73.91,65.06,1.0,1,2,2,65.0,2
64.3,61.65,1.0,1,2,3,58.44,3
85.28,21.47,1.0,0,1,2,58.39,1
65.51,24.16,1.0,0,1,2,52.11,1
61.57,41.72,1.0,1,3,1,57.15,1
77.4,43.98,1.0,0,2,3,66.79,3
81.48,55.42,1.0,0,2,3,65.18,3
66.63,47.27,0.0,0,2,2,43.34,1
69.59,38.13,1.0,2,1,2,50.75,2
73.29,75.4,1.0,2,2,2,56.48,2
78.28,87.17,1.0,0,1,2,79.91,2
72.5,69.18,1.0,0,1,3,73.16,3
55.44,38.33,1.0,0,1,5,53.68,4
36.74,10.43,1.0,4,3,5,18.22,4
74.2,54.38,1.0,2,5,1,63.14,1
66.71,22.23,1.0,0,2,2,57.02,1
73.58,87.84,1.0,2,3,3,68.43,3
69.56,61.29,1.0,0,2,2,65.7,2
100.0,57.81,1.0,1,2,2,77.4,2
48.46,39.25,0.0,3,2,3,25.48,2
70.06,39.26,1.0,0,1,3,54.85,3
100.0,79.81,1.0,1,1,2,91.62,3
77.63,50.94,1.0,0,2,1,69.5,1
67.56,42.7,1.0,0,2,3,54.51,3
71.3,36.14,1.0,1,2,1,59.2,1
72.58,37.01,1.0,1,4,1,48.4,1
71.54,33.6,1.0,1,2,1,57.96,1
74.14,59.0,1.0,1,4,3,69.26,3
73.25,59.08,1.0,1,3,3,58.39,3
87.83,57.27,1.0,0,1,1,73.63,1
61.51,45.54,1.0,0,3,1,58.49,1
49.51,35.52,1.0,3,3,4,42.83,3
65.22,32.75,1.0,0,3,1,57.6,1
70.37,29.02,0.0,0,4,5,38.56,4
93.88,69.38,1.0,1,2,2,77.85,3
59.39,47.03,0.0,0,1,2,41.4,1
74.18,30.52,1.0,2,1,2,51.0,2
44.37,33.01,0.0,3,3,3,18.15,2
46.16,25.12,1.0,1,5,4,46.59,3
64.28,30.22,1.0,1,3,2,56.79,2
85.05,47.22,1.0,0,1,2,73.77,2
64.57,50.87,1.0,2,1,2,52.39,2
59.33,35.46,1.0,2,3,2,43.53,1
53.24,19.55,1.0,1,4,3,46.3,2
81.67,56.67,1.0,0,1,1,74.86,1
90.51,80.8,1.0,0,1,1,82.36,2
43.19,23.1,0.0,4,3,5,3.91,4
68.57,30.23,1.0,0,4,1,60.72,1
68.72,24.74,1.0,2,4,1,53.57,1
68.65,17.94,1.0,1,4,2,50.88,1
72.23,60.89,1.0,1,4,3,66.34,3
73.94,17.62,1.0,0,1,3,53.29,2
59.88,36.09,1.0,2,2,4,50.43,3
85.07,51.44,1.0,0,1,2,76.76,2
51.55,59.59,0.0,1,1,3,28.11,2
81.11,72.59,1.0,0,2,3,77.86,3
91.22,43.09,1.0,0,3,2,75.89,2
62.87,52.25,1.0,1,2,1,60.44,1
71.38,31.96,1.0,1,3,3,58.45,3
57.51,28.2,1.0,0,3,4,48.28,3
87.15,63.9,0.0,0,1,1,50.86,1
83.49,83.2,1.0,0,5,2,80.37,2
69.83,47.95,1.0,0,2,1,63.23,1
62.65,48.93,1.0,2,5,3,56.13,3
65.8,39.87,1.0,0,3,3,58.43,3
56.42,20.38,1.0,0,2,3,47.24,2
69.97,38.14,1.0,0,2,4,62.12,4
59.47,56.98,1.0,1,2,3,54.23,2
57.62,40.68,1.0,2,1,4,53.78,3
41.31,64.14,1.0,3,1,3,51.41,2
100.0,100.0,1.0,0,1,1,83.15,2
68.53,65.46,1.0,1,2,5,60.07,5
74.4,53.2,1.0,1,1,2,67.27,2
60.65,40.63,1.0,2,1,2,48.98,2
76.64,72.18,1.0,0,2,3,78.47,3
68.67,62.72,0.0,0,1,2,42.76,1
62.01,49.21,1.0,0,1,5,58.59,5
85.04,65.48,1.0,0,1,2,79.54,3
37.33,38.41,0.0,4,1,5,14.81,4
49.45,20.62,0.0,4,3,3,9.04,2
79.63,62.05,1.0,0,1,1,62.57,1
80.72,74.3,1.0,0,2,2,74.85,2
77.43,79.0,1.0,0,3,2,74.07,2
51.69,23.54,0.0,3,2,2,18.14,1
85.46,89.15,1.0,0,1,1,76.8,2
68.05,56.56,1.0,0,3,3,63.55,3
39.58,15.83,0.0,2,4,3,15.31,2
52.33,48.84,1.0,3,1,3,50.55,2
98.64,68.49,1.0,0,1,2,81.6,3
75.71,38.83,1.0,0,2,5,61.03,5
70.54,59.25,1.0,1,2,4,58.6,4
98.06,58.52,1.0,0,1,1,80.88,1
98.93,98.34,1.0,0,1,1,88.84,2
48.16,10.0,1.0,3,2,4,28.79,3
100.0,87.06,1.0,0,1,1,87.65,2
71.96,38.81,1.0,0,2,4,65.75,4
24.51,10.0,0.0,3,5,3,6.96,2
62.22,50.96,1.0,2,5,2,53.13,2
39.77,31.55,0.0,1,4,5,18.66,4
74.9,69.4,1.0,2,1,1,66.56,1
82.52,56.67,1.0,0,1,1,68.09,1
85.22,42.72,1.0,0,1,2,72.38,2
80.45,39.93,1.0,0,2,2,67.15,2
63.38,64.89,1.0,1,1,4,59.76,4
66.3,45.86,1.0,1,2,3,49.35,3
68.52,58.43,1.0,1,1,3,67.75,3
47.88,24.15,0.0,1,5,4,26.63,3
60.29,51.44,1.0,0,3,3,65.35,3
74.65,47.14,1.0,0,4,4,64.31,4
92.21,61.22,1.0,0,1,2,77.27,3
76.89,65.86,1.0,0,2,1,67.83,1
67.22,34.81,1.0,1,3,2,56.19,2
49.99,28.83,1.0,4,3,2,32.59,1
88.34,84.93,1.0,0,2,2,79.89,3
64.19,64.89,0.0,2,4,2,35.52,1
100.0,77.71,1.0,0,1,1,80.29,2
63.41,52.73,1.0,1,6,4,54.17,4
77.03,35.88,1.0,0,1,3,63.98,3
74.9,62.35,1.0,2,1,2,59.48,2
79.62,41.32,1.0,0,3,2,65.29,2
59.11,43.75,1.0,1,3,2,54.03,1
79.08,53.65,1.0,1,1,3,60.72,3
53.3,30.36,0.0,2,1,3,23.59,2
81.65,57.42,1.0,1,1,1,65.54,1
72.1,39.99,0.0,2,4,1,30.64,1
97.77,69.95,1.0,0,1,2,80.46,3
66.64,53.98,1.0,1,1,2,54.73,2
92.19,63.68,1.0,0,1,1,77.59,2
81.95,49.93,1.0,0,2,4,76.63,4
68.63,73.92,1.0,0,1,2,69.72,2
54.6,36.35,1.0,3,2,4,44.64,3
81.98,60.04,1.0,0,3,2,77.36,2
47.42,23.15,1.0,3,5,5,36.84,4
53.69,36.44,1.0,3,2,4,43.17,3
87.69,56.25,1.0,0,1,1,68.69,1
48.24,16.51,0.0,4,1,4,9.69,3
56.6,39.32,1.0,1,2,3,46.73,2
47.6,44.86,1.0,2,3,5,42.47,4
84.18,65.31,1.0,1,1,1,68.17,1
87.01,73.88,1.0,0,1,4,86.47,5
28.13,18.91,0.0,2,5,5,13.11,4
57.75,50.07,1.0,0,3,5,57.53,4
70.01,60.94,1.0,1,3,5,59.25,5
84.96,31.68,0.0,1,1,1,41.96,1
83.02,70.54,1.0,0,2,2,76.54,2
48.46,22.82,0.0,1,4,3,23.51,2
100.0,90.72,1.0,0,1,1,84.83,2
94.71,76.59,1.0,1,1,1,75.27,2
76.59,42.99,1.0,0,1,4,62.84,4
35.16,37.63,0.0,2,3,4,25.09,3
83.67,60.59,1.0,0,1,2,76.11,2
62.11,41.82,1.0,1,2,2,56.93,2
73.44,37.18,1.0,2,1,1,56.7,1
100.0,75.81,1.0,0,1,2,83.0,3
62.41,24.83,1.0,0,4,3,51.79,2
78.55,50.5,1.0,1,2,1,61.51,1
65.14,43.2,1.0,2,1,3,50.14,3
73.45,57.46,1.0,1,1,2,60.8,2
41.0,10.0,0.0,2,6,5,21.72,4
43.66,22.66,0.0,3,6,4,17.78,3
65.88,24.8,1.0,0,2,3,61.38,2
89.83,64.26,1.0,0,1,4,81.67,5
63.54,74.38,1.0,2,4,3,58.12,3
81.79,57.92,1.0,0,1,2,70.09,2
100.0,82.1,1.0,0,2,2,90.28,3
88.01,71.02,1.0,0,4,2,82.81,3
61.78,54.22,1.0,0,3,2,62.26,2
67.11,51.79,1.0,0,4,3,68.94,3
72.05,40.62,1.0,0,3,1,68.19,1
49.75,35.27,0.0,4,5,2,16.33,1
71.67,46.26,1.0,2,3,3,55.87,3
97.63,83.58,1.0,0,1,1,89.86,2
61.92,34.81,1.0,0,2,3,58.56,3
67.5,63.75,1.0,0,2,5,70.82,5
40.82,33.17,0.0,2,4,3,22.1,2
65.8,49.04,1.0,1,2,5,49.46,5
71.55,55.97,1.0,0,1,3,65.03,3
58.33,21.34,1.0,1,3,3,51.58,2
74.2,57.07,1.0,0,1,2,68.94,2
73.14,44.42,1.0,0,1,1,64.66,1
44.67,24.21,1.0,2,1,2,41.98,1
62.15,70.07,1.0,1,6,3,63.27,3
89.3,68.46,1.0,0,1,3,83.45,4
70.39,31.98,1.0,1,2,4,53.65,4
49.92,28.72,1.0,2,3,2,39.79,1
100.0,65.21,1.0,0,1,2,83.38,3
72.82,63.61,1.0,0,3,1,64.27,1
79.66,65.75,1.0,0,1,2,67.66,2
63.69,36.83,1.0,1,3,3,50.93,3
90.42,79.78,1.0,0,1,3,81.69,4
74.58,40.84,1.0,0,1,2,69.58,2
73.54,66.63,1.0,1,2,4,71.06,4
70.92,54.1,1.0,0,2,2,61.37,2
43.69,50.99,0.0,2,3,2,23.46,1
51.58,52.67,1.0,3,1,5,46.4,4
43.82,14.43,1.0,2,3,4,40.2,3
69.87,33.91,0.0,2,1,3,30.19,2
82.73,79.05,1.0,1,4,2,76.04,2
91.59,44.39,1.0,0,2,1,68.11,1
57.17,49.27,1.0,0,3,5,55.24,4
86.72,61.04,1.0,0,1,2,71.85,3
62.08,36.18,1.0,1,3,2,55.17,2
58.73,70.75,1.0,2,1,1,53.22,1
75.26,65.61,1.0,0,1,1,59.29,1
78.49,43.24,1.0,0,3,2,68.48,2
72.89,67.32,1.0,2,3,2,59.69,2
73.73,74.09,1.0,1,1,2,68.56,2
74.38,85.23,1.0,1,1,4,68.75,4
67.59,43.73,1.0,2,3,3,49.48,3
53.82,54.89,1.0,2,2,2,45.71,1
81.74,46.84,1.0,0,2,2,69.17,2
52.59,38.74,1.0,4,4,1,42.89,1
80.86,72.82,1.0,0,2,1,80.7,1
61.16,49.54,1.0,0,3,4,62.63,4
47.76,13.28,0.0,2,2,5,24.69,4
31.4,10.0,0.0,3,2,5,4.33,4
54.15,18.31,1.0,2,3,2,41.49,1
49.36,37.08,1.0,1,2,3,47.8,2
84.81,51.39,1.0,0,3,2,70.56,2
88.5,64.64,1.0,0,1,2,77.78,3
86.67,33.59,1.0,0,1,2,67.91,2
77.48,25.74,1.0,0,2,2,56.44,1
68.16,18.6,1.0,2,3,2,45.96,1
72.65,48.42,1.0,2,1,1,61.29,1
48.2,16.86,0.0,1,3,3,21.52,2
66.13,66.72,1.0,1,3,2,59.19,2
61.93,55.21,1.0,1,2,4,61.39,4
49.21,30.07,1.0,2,1,3,39.1,2
66.97,49.89,1.0,2,6,2,58.0,2
51.79,46.47,1.0,4,2,5,36.63,4
75.3,62.3,1.0,1,1,2,63.6,2
75.16,55.99,1.0,0,2,1,65.66,1
63.14,29.4,0.0,1,3,2,38.14,1
39.9,10.0,1.0,3,1,4,24.71,3
79.83,66.47,1.0,0,1,2,74.54,2
58.89,45.65,1.0,1,3,1,67.08,1
100.0,100.0,1.0,0,2,2,88.4,3
100.0,81.14,1.0,0,1,1,84.6,2
54.53,38.05,0.0,1,3,3,27.32,2
80.04,65.64,1.0,0,1,1,73.59,1
53.12,42.41,1.0,1,2,2,51.48,1
61.67,40.81,1.0,1,1,3,59.65,3
67.88,31.24,0.0,0,1,3,35.16,2
79.09,31.12,1.0,1,2,1,59.09,1
66.11,50.49,1.0,0,4,2,59.05,2
54.99,33.35,0.0,1,5,4,35.75,3
68.1,63.23,1.0,1,1,3,62.16,3
94.08,61.06,1.0,1,1,2,73.28,3
58.35,39.05,0.0,1,1,5,36.23,4
93.11,82.55,1.0,0,1,1,91.82,2
71.55,51.68,0.0,1,3,2,41.14,1
67.82,60.7,1.0,1,1,1,62.9,1
61.7,60.81,1.0,0,1,3,68.83,3
75.72,50.12,1.0,0,3,3,64.69,3
38.77,35.73,0.0,3,3,5,14.61,4
63.85,59.53,1.0,1,3,1,61.36,1
73.88,58.83,1.0,1,3,2,64.47,2
71.13,33.88,1.0,1,4,4,56.27,4
53.19,17.22,1.0,1,2,3,42.42,2
72.4,42.67,1.0,1,3,2,68.23,2
76.78,55.07,1.0,0,2,1,61.87,1
90.14,69.65,1.0,0,1,2,79.23,3
57.48,46.84,1.0,1,6,4,47.05,3
38.62,14.4,0.0,2,3,3,17.17,2
63.91,28.79,1.0,0,2,4,56.45,3
83.84,40.09,1.0,0,1,2,70.77,2
77.52,30.4,1.0,1,3,2,66.47,2
74.07,76.32,1.0,1,2,2,65.31,2
73.3,55.26,1.0,1,2,1,70.26,1
65.51,61.7,1.0,0,1,2,70.9,2
53.77,26.99,1.0,3,3,2,44.41,1
83.12,52.63,1.0,0,2,1,65.57,1
49.97,31.12,1.0,4,3,2,32.7,1
100.0,61.31,1.0,0,1,1,74.39,2
87.48,55.84,1.0,0,2,1,79.9,1
61.33,46.4,0.0,0,4,4,41.3,3
63.67,59.38,1.0,0,2,2,56.83,2
79.9,52.61,1.0,1,2,3,61.66,3
48.48,22.79,1.0,1,3,2,35.63,1
77.05,54.41,1.0,0,2,3,71.4,3
93.02,62.55,1.0,0,1,2,80.18,3
59.81,49.29,1.0,1,4,2,60.11,1
74.28,56.25,1.0,0,4,4,68.4,4
58.66,27.75,1.0,2,4,4,47.1,3
85.3,70.36,1.0,0,2,1,79.79,2
62.67,46.75,0.0,1,3,4,37.86,3
68.73,54.12,1.0,1,2,2,66.09,2
56.71,39.19,1.0,1,4,3,51.75,2
95.05,59.68,1.0,0,2,2,82.06,2
51.69,14.14,1.0,1,4,3,39.07,2
52.04,39.31,0.0,2,3,2,24.43,1
59.81,74.61,1.0,1,1,4,62.68,3
89.72,61.58,1.0,0,1,1,80.86,2
40.02,20.01,0.0,3,2,3,13.73,2
66.75,37.89,1.0,0,2,3,60.71,3
80.58,74.85,1.0,1,1,1,71.31,1
62.0,60.5,0.0,2,4,2,34.58,1
65.62,77.81,0.0,1,3,3,39.37,2
92.31,81.91,1.0,0,1,1,77.82,2
73.93,74.54,1.0,1,3,1,65.52,1
40.53,39.7,0.0,2,3,4,28.53,3
100.0,78.87,1.0,0,1,2,84.28,3
84.26,75.67,1.0,0,1,3,71.65,3
64.79,49.68,1.0,1,4,2,64.05,2
68.08,49.7,1.0,1,4,2,61.29,2
54.06,17.99,1.0,2,2,4,45.04,3
83.46,61.82,1.0,1,1,2,72.62,2
65.06,69.8,0.0,1,2,2,38.9,1
49.23,34.15,0.0,3,5,4,14.29,3
83.65,59.54,1.0,0,1,2,75.79,2
53.91,27.51,1.0,2,3,1,40.13,1
65.26,40.38,1.0,0,2,3,54.97,3
51.29,55.71,1.0,1,4,4,55.18,3
74.17,34.15,0.0,0,2,5,48.59,4
78.6,55.11,1.0,0,2,4,70.07,4
62.92,61.51,1.0,1,3,3,62.73,3
69.88,41.04,1.0,1,1,3,58.09,3
76.81,67.93,1.0,0,1,1,70.12,1
88.6,37.93,1.0,0,1,3,71.98,3
95.46,44.4,1.0,0,1,1,80.86,1
71.61,54.02,1.0,2,3,3,57.01,3
58.11,40.01,1.0,2,3,3,55.22,2
62.47,65.52,1.0,1,2,2,49.74,2
97.62,75.4,1.0,0,1,3,79.76,4
67.6,62.91,1.0,1,1,3,61.57,3
78.51,62.3,1.0,0,2,2,75.78,2
97.7,70.96,1.0,0,1,3,77.06,4
70.55,38.04,1.0,1,3,2,56.91,2
100.0,65.17,1.0,0,1,1,79.72,2
69.9,49.61,1.0,1,1,3,56.17,3
45.05,34.53,0.0,4,5,5,17.23,4
81.92,39.96,1.0,0,2,2,74.11,2
88.04,59.8,1.0,1,2,3,70.95,3
53.7,11.79,1.0,4,2,5,38.76,4
74.17,74.28,1.0,1,2,3,65.57,3
63.31,66.28,1.0,0,3,2,67.72,2
73.53,32.15,1.0,1,2,2,61.92,2
100.0,72.01,1.0,1,1,1,84.5,2
56.58,66.61,1.0,1,3,1,57.9,1
84.49,56.07,1.0,0,1,1,64.82,1
61.62,30.96,1.0,0,1,2,54.35,2
74.63,37.9,1.0,2,2,5,53.92,5
100.0,84.61,1.0,0,1,2,83.46,3
78.49,73.39,1.0,0,3,2,74.63,2
100.0,99.43,1.0,0,2,1,90.69,2
80.96,40.14,1.0,0,2,2,64.37,2
78.64,60.3,1.0,0,1,3,75.77,3
52.15,30.77,1.0,2,2,2,39.76,1
66.78,47.05,0.0,0,1,3,39.29,2
100.0,53.82,1.0,0,1,1,81.47,1
100.0,67.02,1.0,0,1,1,82.26,2
74.42,45.15,1.0,0,2,2,70.0,2
76.38,30.54,1.0,0,2,3,64.13,3
72.71,37.81,1.0,1,1,2,56.94,2
95.17,80.03,1.0,0,2,1,78.67,2
100.0,83.67,1.0,0,1,1,85.82,2
75.59,61.16,1.0,1,1,3,65.37,3
68.79,100.0,1.0,2,2,3,67.95,3
76.29,62.61,1.0,1,3,3,66.31,3
62.91,49.51,1.0,0,2,1,61.45,1
95.89,81.43,1.0,0,3,1,88.67,2
65.86,28.78,1.0,0,1,1,58.77,1
87.62,68.02,1.0,0,2,1,77.2,2
89.07,63.92,1.0,0,1,2,79.33,3
100.0,63.53,1.0,0,1,2,83.36,3
75.36,60.92,1.0,0,1,3,78.47,3
36.57,10.0,0.0,2,3,5,13.9,4
100.0,88.46,1.0,0,1,3,92.87,4
60.03,30.09,0.0,0,3,3,38.32,2
62.97,46.45,1.0,1,1,1,52.08,1
89.46,73.68,1.0,1,2,4,72.52,5
60.86,38.48,1.0,1,3,3,45.17,3
66.45,34.16,1.0,0,2,3,64.13,3
56.59,23.39,1.0,1,5,1,48.6,1
89.37,64.64,1.0,1,1,3,73.53,4
61.18,40.93,1.0,1,2,1,53.63,1
68.58,52.28,1.0,0,1,1,68.58,1
88.01,70.3,1.0,0,1,2,76.51,3
75.06,83.34,0.0,0,2,2,60.96,1
97.44,56.94,1.0,0,1,1,86.46,1
44.81,10.0,1.0,3,3,3,32.09,2
68.43,49.25,1.0,1,1,4,55.89,4
40.08,27.78,0.0,3,2,3,14.38,2
90.61,47.05,1.0,0,1,2,67.04,2
83.52,40.64,1.0,0,1,1,68.84,1
72.12,48.17,1.0,0,2,4,64.12,4
99.45,78.64,1.0,0,1,3,77.61,4
71.42,73.58,1.0,0,2,3,72.68,3
77.11,62.7,0.0,1,1,2,46.74,1
42.95,37.07,1.0,4,7,5,32.74,4
55.2,22.05,0.0,0,3,4,31.97,3
45.65,26.68,0.0,3,2,5,19.53,4
53.25,10.0,1.0,4,2,1,27.56,1
65.65,37.38,1.0,0,5,3,53.35,3
60.84,33.41,1.0,1,4,3,49.42,3
64.56,38.12,1.0,0,1,2,53.1,2
50.0,10.71,1.0,1,7,2,44.0,1
77.91,38.61,1.0,0,3,1,66.45,1
66.06,45.95,1.0,0,1,3,67.2,3
59.9,53.97,1.0,0,1,4,59.7,3
72.83,42.89,1.0,0,4,2,62.02,2
87.53,61.86,1.0,0,3,1,74.6,2
72.73,51.9,1.0,0,3,4,65.1,4
84.72,51.69,1.0,1,1,1,68.1,1
83.74,65.84,1.0,0,2,2,76.11,2
76.67,84.72,0.0,0,2,1,51.04,1
52.95,45.52,1.0,1,4,2,52.18,1
39.05,31.27,0.0,3,3,4,16.19,3
53.5,29.83,1.0,1,7,5,36.92,4
28.06,28.48,1.0,2,4,5,29.29,4
86.34,58.71,1.0,0,1,1,72.4,1
73.95,35.8,1.0,0,2,2,61.45,2
58.64,48.61,1.0,1,5,5,50.29,4
59.69,36.73,0.0,0,1,3,35.22,2
71.26,61.99,1.0,1,2,5,55.53,5
86.99,40.61,1.0,0,1,2,71.24,2
77.38,62.96,1.0,0,2,2,70.76,2
78.75,65.14,1.0,0,2,1,74.46,1
62.17,63.99,1.0,1,2,2,56.26,2
97.2,71.77,1.0,0,1,3,79.2,4
49.2,58.1,1.0,2,5,1,43.48,1
71.45,38.62,1.0,1,2,1,57.32,1
79.46,57.47,1.0,0,2,1,70.55,1
76.33,88.45,1.0,0,2,2,81.61,2
63.74,65.66,1.0,0,5,3,67.4,3
70.65,63.44,1.0,1,2,5,71.9,5
56.43,49.45,0.0,0,3,3,41.31,2
49.28,49.58,0.0,2,2,4,24.07,3
83.11,36.4,1.0,0,2,1,64.8,1
60.21,47.28,1.0,2,2,3,54.6,3
84.7,68.1,1.0,0,3,2,74.87,2
72.03,48.08,1.0,0,2,2,65.36,2
61.82,51.34,1.0,2,1,4,42.81,4
82.35,55.74,1.0,0,4,3,68.12,3
97.38,86.97,1.0,0,1,1,88.26,2
70.51,34.48,1.0,2,1,4,50.67,4
75.23,38.06,1.0,0,3,1,61.73,1
100.0,80.11,1.0,0,1,1,80.61,2
71.17,50.88,1.0,0,3,3,64.64,3
68.66,57.46,0.0,0,2,3,48.93,2
76.5,76.99,1.0,0,1,2,75.93,2
89.98,64.61,1.0,0,1,1,74.27,2
69.09,39.42,1.0,1,5,3,51.39,3
58.85,15.61,0.0,0,4,3,30.54,2
55.88,48.37,0.0,1,1,3,29.21,2
87.47,57.31,1.0,0,2,2,71.97,2
100.0,61.4,1.0,0,2,1,77.67,2
66.06,57.42,1.0,0,3,5,66.09,5
60.3,63.4,1.0,1,4,3,62.23,3
80.69,49.64,1.0,0,2,3,65.46,3
92.22,69.24,1.0,0,1,3,82.72,4
92.12,53.98,1.0,0,3,1,81.87,1
98.4,79.18,1.0,0,1,2,89.36,3
69.11,31.69,1.0,1,3,2,50.19,2
76.53,54.87,1.0,0,1,2,67.83,2
54.71,42.86,1.0,2,3,2,47.42,1
75.76,39.3,1.0,0,1,2,63.22,2
62.67,41.64,0.0,1,5,2,32.74,1
59.25,39.55,0.0,1,3,3,37.44,2
70.63,67.82,1.0,2,3,3,55.13,3
58.71,25.7,0.0,1,3,4,34.6,3
84.44,64.31,1.0,0,3,3,64.61,3
100.0,77.81,1.0,0,2,1,81.54,2
100.0,68.38,1.0,0,1,1,79.8,2
67.1,39.27,1.0,0,2,1,61.98,1
70.43,52.13,1.0,1,3,3,66.22,3
100.0,93.54,1.0,0,1,1,93.39,2
61.25,45.98,1.0,1,2,3,55.93,3
70.67,37.01,0.0,1,1,3,37.07,2
80.46,51.25,1.0,0,1,2,71.46,2
78.67,40.8,1.0,0,2,3,66.31,3
61.72,17.51,1.0,0,1,2,52.43,1
68.77,23.43,1.0,1,2,1,47.05,1
78.52,49.93,1.0,0,3,2,76.59,2
74.55,85.21,1.0,2,2,3,66.58,3
62.66,58.5,1.0,2,1,2,52.88,2
49.61,43.42,1.0,4,3,3,37.16,2
100.0,100.0,1.0,0,1,1,95.15,2
73.85,28.16,1.0,2,3,3,52.84,2
45.24,14.22,1.0,4,4,5,33.42,4
71.69,26.39,1.0,1,1,1,58.79,1
83.8,72.82,1.0,0,3,3,72.84,3
85.69,57.72,1.0,0,1,2,70.08,2
53.11,16.37,1.0,3,3,2,36.63,1
74.78,51.29,1.0,2,2,3,58.46,3
84.64,43.19,1.0,1,1,2,64.63,2
56.58,71.55,1.0,1,2,3,56.31,2
31.82,10.0,0.0,1,3,4,22.02,3
100.0,84.94,1.0,0,2,1,81.36,2
75.01,59.92,1.0,0,1,1,67.38,1
78.61,62.8,1.0,0,4,2,72.41,2
86.97,82.81,1.0,0,2,3,82.08,4
72.6,80.54,0.0,2,2,3,44.92,2
58.36,68.33,1.0,2,4,5,55.52,4
80.67,51.91,1.0,1,2,2,63.73,2
92.66,60.18,1.0,0,1,1,79.95,2
67.97,37.69,1.0,1,2,2,58.92,2
51.23,22.39,0.0,4,3,2,13.73,1
42.38,22.02,0.0,4,2,3,6.32,2
61.95,27.72,1.0,1,3,1,47.71,1
59.5,39.64,1.0,0,3,3,56.34,2
69.48,30.9,1.0,0,1,3,55.42,3
70.86,30.05,1.0,1,1,2,58.61,2
72.49,59.86,1.0,2,3,1,59.41,1
70.61,55.16,1.0,1,3,5,63.25,5
72.42,40.62,1.0,0,3,2,59.42,2
85.94,66.53,1.0,0,1,1,73.55,2
76.92,22.0,1.0,0,2,2,65.38,1
85.95,76.66,1.0,0,1,3,78.01,4
56.38,30.03,1.0,0,4,2,55.44,1
92.45,64.78,1.0,0,1,1,69.04,2
88.98,51.56,1.0,0,1,1,69.06,1
76.07,62.96,1.0,1,1,5,61.26,5
67.93,53.77,0.0,1,1,2,39.32,1
57.09,28.46,1.0,1,1,2,48.1,1
65.06,72.31,1.0,0,2,2,70.41,2
100.0,85.68,1.0,0,1,1,83.51,2
